1,Anthony Edwards,MIN,21,53,27,26,36.6,114.6,112.6,2.0,19.1,1.35,15.5,1.9,14.3,8.3,11.5,53.8,57.5,28.6,101.79,12.7,4102
1,Jaylen Nowell,MIN,23,53,27,26,19.8,110.9,110.3,0.5,15.7,2.04,15.3,2.8,10.3,6.5,7.5,49.2,51.8,23.9,104.69,9.3,2282
3,Bennedict Mathurin,IND,20,52,24,28,28.6,110.8,111.8,-1.0,7.8,0.77,7.5,3.6,10.5,6.9,9.7,48.2,56.3,24.8,103.19,9.5,3200
3,Buddy Hield,IND,30,52,24,28,32.1,112.8,114.6,-1.8,12.6,1.44,14.7,2.3,12.6,7.4,10.2,58.9,60.7,20.7,102.50,10.2,3569
3,Damion Lee,PHX,30,52,27,25,22.3,111.6,107.0,4.6,9.2,1.29,15.0,2.1,12.8,7.3,11.7,59.2,63.4,15.0,100.60,9.1,2426
3,Isaac Okoro,CLE,22,52,31,21,20.2,110.6,108.3,2.3,6.6,1.69,14.5,3.5,9.5,6.5,8.6,55.2,58.6,12.1,98.01,6.1,2125
3,Malik Beasley,UTA,26,52,26,26,27.0,114.0,116.0,-2.1,9.1,1.57,11.1,1.9,11.2,6.5,7.1,52.8,54.0,20.8,101.82,8.4,2980
3,Mikal Bridges,PHX,26,52,27,25,36.5,115.3,113.8,1.5,13.9,2.62,18.4,2.7,9.1,5.9,7.0,53.3,57.5,18.5,98.67,9.7,3902
3,Terance Mann,LAC,26,52,28,24,22.8,110.5,110.8,-0.2,13.4,2.18,20.6,4.2,11.6,7.9,9.5,57.2,59.6,15.0,98.51,9.1,2433
10,Derrick White,BOS,28,51,36,15,26.4,117.1,107.9,9.2,17.7,3.37,26.0,2.2,9.0,5.7,7.7,54.1,58.6,16.0,100.63,8.7,2811
10,Devonte' Graham,NOP,27,51,26,25,15.4,108.6,107.8,0.8,20.2,4.19,29.3,1.4,8.1,4.6,7.0,50.9,54.5,14.5,101.61,8.1,1659
10,Isaiah Hartenstein,NYK,24,51,27,24,18.5,110.7,109.9,0.8,6.2,1.05,13.4,13.0,17.0,15.0,12.8,51.6,54.5,11.8,99.89,8.5,1959
10,Ivica Zubac,LAC,25,51,27,24,29.1,110.3,113.9,-3.6,5.0,0.57,9.5,12.1,23.2,17.8,16.6,61.0,64.4,14.7,97.73,10.2,3024
10,Jalen McDaniels,CHA,24,51,15,36,27.0,108.7,113.1,-4.4,10.5,1.39,15.5,2.8,14.7,8.7,11.1,52.0,55.7,16.9,102.72,8.3,2950
10,Jonas Valanciunas,NOP,30,51,26,25,24.8,111.8,113.5,-1.7,9.9,0.78,10.1,10.8,27.8,19.3,13.0,56.5,60.7,23.7,100.42,13.6,2648
10,Jordan Clarkson,UTA,30,51,26,25,32.5,117.9,115.7,2.2,20.2,1.45,16.8,3.5,8.5,6.0,11.6,52.9,56.7,27.0,100.39,10.4,3466
10,Julius Randle,NYK,28,51,27,24,35.7,117.3,115.5,1.7,17.9,1.48,14.5,6.1,23.3,14.5,9.8,53.5,58.2,27.8,98.01,15.1,3730
10,Mason Plumlee,CHA,32,51,15,36,28.2,110.8,118.1,-7.3,17.6,2.32,25.5,11.0,24.0,17.1,11.0,67.4,68.0,15.3,102.49,13.0,3074
10,Spencer Dinwiddie,DAL,29,51,27,24,34.1,113.8,115.6,-1.8,25.0,3.27,24.7,1.1,8.6,4.7,7.6,56.2,60.3,21.6,95.26,11.1,3452
20,Cedi Osman,CLE,27,50,30,20,21.4,115.1,108.1,7.1,10.1,1.92,14.6,1.4,9.5,5.6,7.6,57.5,59.1,17.5,97.68,8.2,2181
20,D'Angelo Russell,MIN,26,50,25,25,33.1,111.9,113.0,-1.1,27.4,2.32,26.5,1.6,7.2,4.5,11.4,55.8,59.7,22.3,101.38,11.2,3500
20,Evan Mobley,CLE,21,50,29,21,34.1,112.4,109.1,3.4,11.9,1.25,15.1,7.5,19.8,13.7,12.0,56.6,59.4,19.3,96.73,11.9,3438
20,Franz Wagner,ORL,21,50,19,31,33.1,112.0,111.2,0.8,16.7,1.73,15.9,2.8,9.3,6.1,9.2,54.9,59.7,23.9,100.31,11.6,3457
20,Grant Williams,BOS,24,50,36,14,27.8,115.4,109.5,5.9,8.1,1.48,17.0,4.0,13.0,8.5,11.5,60.3,63.9,12.5,99.97,7.2,2888
20,Immanuel Quickley,NYK,23,50,27,23,27.4,112.1,106.1,6.1,17.2,2.66,20.3,2.3,10.9,6.7,7.6,51.6,55.9,18.7,98.26,10.9,2810
20,Jaden McDaniels,MIN,22,50,26,24,30.9,113.5,110.4,3.1,8.5,1.32,15.3,4.4,7.7,6.1,11.5,58.9,60.8,15.0,101.24,6.6,3248
20,Jarred Vanderbilt,UTA,23,50,24,26,24.4,116.9,118.4,-1.5,15.7,2.04,24.9,9.8,23.0,16.3,12.2,58.9,61.0,14.5,100.57,11.1,2544
20,Jevon Carter,MIL,27,50,33,17,23.2,106.9,106.7,0.2,16.0,2.23,25.3,1.9,8.3,5.1,11.3,52.9,54.3,14.0,102.26,7.0,2466
20,Jordan Poole,GSW,23,50,26,24,30.6,108.4,111.1,-2.7,22.8,1.27,16.8,1.3,7.0,4.2,13.2,51.6,56.9,28.5,105.16,10.2,3364
20,Jose Alvarado,NOP,24,50,26,24,22.2,113.0,108.0,5.1,20.1,2.37,23.5,1.9,9.2,5.6,9.9,49.4,52.5,19.5,101.55,8.2,2347
20,Kenyon Martin Jr.,HOU,22,50,12,38,25.3,109.3,114.2,-5.0,8.4,1.25,12.1,5.4,15.3,10.3,9.7,61.2,62.1,16.2,102.05,10.4,2687
20,Kevon Looney,GSW,26,50,26,24,23.3,116.5,113.1,3.3,14.8,5.63,32.3,12.7,23.3,18.0,5.7,64.1,65.0,10.0,102.80,11.2,2490
20,Nicolas Batum,LAC,34,50,28,22,21.8,112.8,107.8,5.0,9.2,1.97,19.8,4.0,14.8,9.5,10.1,59.1,60.1,11.3,100.54,7.7,2289
20,P.J. Washington,CHA,24,50,15,35,32.4,107.1,116.4,-9.3,10.9,1.66,13.7,2.9,10.9,6.7,8.3,52.1,54.7,19.2,102.91,8.1,3476
20,Reggie Bullock,DAL,31,50,26,24,29.5,113.7,115.1,-1.4,5.7,2.90,16.4,1.7,10.3,6.0,5.6,54.3,55.1,9.5,96.61,4.6,2969
20,Tari Eason,HOU,21,50,12,38,19.4,107.8,111.7,-3.9,7.8,0.92,9.8,10.2,17.5,13.7,10.6,49.5,52.5,18.3,102.85,10.0,2083
20,Tre Jones,SAS,23,50,14,36,29.8,109.2,117.7,-8.5,29.4,3.61,30.6,2.5,9.8,5.9,8.5,46.7,51.5,19.8,102.45,10.7,3183
20,Tyus Jones,MEM,26,50,32,18,23.6,112.9,110.2,2.7,26.9,5.49,31.5,1.6,7.3,4.4,5.7,52.8,55.0,17.7,103.03,11.7,2535
39,Bojan Bogdanovic,DET,33,49,13,36,31.6,112.2,120.4,-8.1,13.7,1.18,12.2,1.7,10.0,5.8,10.3,57.1,62.8,24.9,101.57,11.6,3274
39,Brook Lopez,MIL,34,49,32,17,30.4,110.9,107.0,4.0,6.0,0.88,8.6,6.0,12.8,9.5,9.8,58.8,61.0,17.8,101.98,10.2,3168
39,Bruce Brown,DEN,26,49,34,15,28.9,115.1,113.3,1.8,17.0,2.21,24.4,2.8,11.8,7.4,11.0,56.7,58.2,16.4,99.79,9.0,2943
39,Harrison Barnes,SAC,30,49,28,21,32.7,119.1,114.7,4.4,6.7,1.33,11.1,3.0,11.9,7.5,8.4,56.7,63.6,17.2,101.69,9.2,3393
39,Kyle Kuzma,WAS,27,49,24,25,35.4,113.1,111.3,1.8,17.1,1.31,14.8,2.7,17.5,10.4,11.2,52.8,55.1,27.2,101.23,11.4,3651
39,Max Strus,MIA,26,49,26,23,30.3,107.6,110.8,-3.2,11.1,2.23,14.8,2.3,10.1,6.1,6.6,51.7,54.1,17.8,98.21,7.7,3051
39,Nikola Vucevic,CHI,32,49,23,26,33.9,112.1,112.9,-0.8,14.5,1.80,16.8,6.8,26.4,16.9,9.3,58.0,60.1,21.1,100.82,14.0,3491
39,Onyeka Okongwu,ATL,22,49,25,24,24.6,110.8,112.9,-2.1,5.6,0.98,11.1,10.8,19.0,14.9,11.4,63.5,66.0,13.7,101.25,10.1,2542
39,Patrick Williams,CHI,21,49,23,26,29.3,110.0,113.0,-3.0,6.1,1.00,11.5,3.5,11.3,7.5,11.5,55.4,58.3,15.1,101.11,6.8,3022
39,Sam Hauser,BOS,25,49,34,15,14.6,112.9,108.5,4.4,6.7,2.27,12.4,2.8,12.5,7.8,5.5,59.8,60.3,14.0,102.07,7.8,1517
39,Scottie Barnes,TOR,21,49,21,28,34.8,115.2,113.0,2.2,20.4,2.42,22.9,6.2,15.0,10.3,9.4,49.7,53.5,20.0,98.91,11.1,3515
39,Shaedon Sharpe,POR,19,49,23,26,19.8,111.0,113.4,-2.4,3.8,0.71,6.2,3.8,8.8,6.3,8.7,53.9,54.9,16.4,100.15,5.7,2024
39,T.J. McConnell,IND,30,49,22,27,19.7,108.1,111.8,-3.7,39.8,2.92,38.3,3.1,11.1,7.0,13.1,54.6,57.3,16.8,104.36,13.1,2103
39,Torrey Craig,PHX,32,49,26,23,25.6,110.3,116.7,-6.4,8.2,1.70,16.1,7.5,14.5,10.9,9.4,55.4,56.8,13.2,99.43,7.6,2585
39,Walker Kessler,UTA,21,49,24,25,20.2,114.5,109.5,4.9,5.5,1.03,11.0,13.4,20.8,17.2,10.8,71.5,69.9,12.7,101.63,12.4,2081
54,Anfernee Simons,POR,23,48,23,25,35.9,113.7,114.2,-0.6,17.9,1.81,16.5,0.8,7.0,3.9,9.1,55.4,58.6,24.6,99.13,9.8,3558
54,Caris LeVert,CLE,28,48,28,20,30.9,111.6,108.3,3.3,17.9,2.32,21.9,2.4,10.4,6.4,9.4,48.8,51.8,19.2,97.90,8.1,3025
54,Daniel Gafford,WAS,24,48,22,26,17.7,110.4,107.0,3.4,6.4,0.84,10.7,11.0,15.7,13.4,12.8,74.2,73.6,15.0,101.10,12.4,1784
54,Davion Mitchell,SAC,24,48,27,21,18.2,113.7,108.5,5.2,16.3,2.43,25.6,1.2,6.9,4.1,10.6,53.8,54.9,14.7,101.64,6.3,1824
54,Deni Avdija,WAS,22,48,23,25,26.2,112.0,112.6,-0.6,13.2,1.74,20.8,4.2,18.5,11.6,12.0,49.7,53.7,15.5,100.32,8.3,2623
54,Drew Eubanks,POR,25,48,22,26,18.8,115.6,115.1,0.5,7.4,1.30,17.8,7.9,16.5,12.3,13.8,72.5,72.9,10.4,99.05,9.6,1861
54,Jaden Ivey,DET,20,48,13,35,30.0,108.5,120.7,-12.2,23.4,1.55,20.4,3.2,10.6,6.8,13.2,46.8,52.0,24.1,101.61,7.7,3049
54,Jalen Brunson,NYK,26,48,26,22,34.4,117.1,116.8,0.2,28.7,2.98,22.4,1.7,8.1,4.9,7.5,52.0,57.3,26.2,97.95,13.1,3388
54,Jalen Green,HOU,20,48,11,37,34.6,109.4,118.8,-9.4,17.0,1.25,13.7,1.6,10.1,5.8,11.0,48.2,53.3,27.4,100.61,9.5,3484
54,Jayson Tatum,BOS,24,48,34,14,37.5,118.9,110.0,8.9,19.4,1.54,13.6,3.0,19.4,11.5,8.8,54.0,60.7,32.3,100.64,16.8,3764
54,Jerami Grant,POR,28,48,22,26,35.8,117.0,116.1,0.9,10.2,1.33,11.1,2.8,9.5,6.2,8.4,56.8,61.4,23.1,98.91,10.4,3544
54,Kentavious Caldwell-Pope,DEN,29,48,33,15,31.5,122.5,110.4,12.1,8.6,1.98,18.0,1.6,8.1,5.0,9.1,58.7,61.2,13.9,100.83,6.7,3177
54,Killian Hayes,DET,21,48,12,36,26.6,107.7,117.6,-9.9,32.4,2.92,31.3,1.3,9.5,5.2,10.7,44.4,46.2,19.8,100.72,7.6,2680
54,Malik Monk,SAC,24,48,28,20,22.3,110.4,112.5,-2.1,26.5,2.03,22.4,2.2,9.1,5.6,11.0,51.5,56.2,25.0,104.08,11.1,2328
54,Russell Westbrook,LAL,34,48,23,25,28.6,113.3,114.3,-1.0,37.4,2.11,27.8,3.8,16.9,10.5,13.2,45.8,49.5,27.6,105.29,11.7,3005
54,Saddiq Bey,DET,23,48,11,37,28.8,111.0,118.5,-7.5,8.1,1.45,9.7,3.5,12.2,7.7,6.7,48.5,54.8,20.4,102.51,9.1,2952
54,Tim Hardaway Jr.,DAL,30,48,27,21,29.9,117.3,113.9,3.4,7.8,1.79,10.2,1.3,10.4,5.9,5.7,49.6,52.5,20.5,96.86,7.4,2898
54,Trey Murphy III,NOP,22,48,23,25,29.1,111.0,114.1,-3.1,6.2,1.66,11.2,2.8,10.0,6.4,6.7,59.8,63.5,14.9,101.60,8.8,2958
72,AJ Griffin,ATL,19,47,21,26,20.9,110.5,112.2,-1.7,6.8,1.60,10.5,2.2,7.8,5.0,6.6,59.2,60.5,17.2,102.65,8.4,2105
72,Ayo Dosunmu,CHI,23,47,23,24,27.5,108.5,111.8,-3.3,13.2,1.94,21.9,2.5,8.6,5.6,11.3,55.8,57.8,14.8,102.05,6.4,2742
72,Bobby Portis,MIL,27,47,30,17,26.8,110.6,110.4,0.1,10.5,1.44,11.5,8.9,25.8,17.4,8.0,55.1,57.1,21.1,101.65,14.6,2674
72,Domantas Sabonis,SAC,26,47,27,20,34.5,120.2,113.7,6.6,29.2,2.41,29.8,9.0,28.0,18.7,12.4,62.9,66.9,20.8,100.76,16.3,3403
72,Dwight Powell,DAL,31,47,26,21,19.1,118.6,112.7,5.8,5.3,0.83,11.7,10.6,11.0,10.8,14.2,71.0,73.2,12.1,96.81,7.4,1810
72,Georges Niang,PHI,29,47,31,16,19.8,112.6,106.6,6.0,8.4,1.50,12.6,1.5,10.6,6.2,8.4,61.9,63.4,17.1,101.44,8.4,1971
72,Jabari Smith Jr.,HOU,19,47,11,36,29.6,106.8,117.5,-10.6,5.2,0.77,7.3,3.8,18.8,11.2,9.5,46.2,49.8,18.6,100.21,7.3,2902
72,Jalen Johnson,ATL,21,47,23,24,14.5,108.5,113.0,-4.5,8.7,2.00,15.5,4.3,19.9,12.0,7.7,52.6,55.5,14.6,102.49,9.2,1446
72,Jalen Smith,IND,22,47,23,24,19.1,109.5,116.3,-6.8,7.9,0.86,9.4,8.6,20.1,14.2,11.0,51.9,55.6,20.8,103.71,9.6,1947
72,Josh Hart,POR,27,47,23,24,33.5,117.3,114.3,3.1,16.1,2.55,30.1,5.9,18.9,12.5,11.8,55.2,58.8,12.2,98.85,9.5,3246
72,Keegan Murray,SAC,22,47,27,20,29.7,117.0,114.0,3.1,4.2,1.07,7.9,4.0,11.1,7.6,7.4,58.2,59.9,15.8,101.94,7.2,2977
72,Lauri Markkanen,UTA,25,47,24,23,34.2,118.4,112.6,5.8,8.1,0.99,8.0,5.0,19.4,12.2,8.1,61.7,66.7,24.5,100.55,16.0,3365
72,Luguentz Dort,OKC,23,47,23,24,30.3,114.1,113.1,1.0,9.9,1.60,13.4,4.4,8.8,6.6,8.4,48.7,52.9,19.8,103.46,6.6,3067
72,Nic Claxton,BKN,23,47,28,19,29.4,116.4,110.6,5.7,7.6,1.25,13.1,9.6,20.2,15.4,10.5,74.1,70.9,16.1,98.42,13.5,2818
72,P.J. Tucker,PHI,37,47,30,17,26.5,115.9,112.7,3.3,4.1,1.21,18.7,5.3,11.0,8.2,15.4,50.8,53.6,6.2,97.80,2.8,2529
72,Reggie Jackson,LAC,32,47,25,22,26.1,110.0,111.5,-1.5,20.6,1.85,22.2,1.6,6.8,4.3,12.0,50.0,53.2,20.8,98.25,7.6,2510
72,Royce O'Neale,BKN,29,47,28,19,34.6,114.1,110.9,3.2,14.8,2.34,27.7,2.4,11.1,7.2,11.9,53.6,54.7,13.4,98.26,6.4,3325
72,Santi Aldama,MEM,22,47,29,18,21.8,112.4,109.9,2.5,7.3,1.84,12.9,4.5,15.5,9.9,7.0,57.6,60.2,15.0,103.81,9.4,2214
90,Aaron Holiday,ATL,26,46,24,22,15.2,110.5,109.6,1.0,11.5,2.42,22.7,2.5,5.9,4.1,9.4,50.8,53.9,12.4,103.73,5.2,1513
90,Bam Adebayo,MIA,25,46,25,21,35.0,113.0,109.3,3.6,15.0,1.18,13.0,8.1,21.5,14.7,11.1,54.0,58.6,26.1,97.46,14.7,3280
90,Bol Bol,ORL,23,46,17,29,24.4,108.6,114.9,-6.3,5.6,0.48,7.8,5.2,21.7,13.6,16.4,61.3,63.5,18.2,100.42,11.9,2354
90,Chris Boucher,TOR,30,46,21,25,20.4,109.9,112.7,-2.8,3.5,1.00,5.0,9.7,19.0,13.9,5.0,52.6,57.2,17.7,97.87,11.1,1924
90,De'Aaron Fox,SAC,25,46,27,19,33.6,118.0,116.0,1.9,27.4,2.36,21.0,1.2,11.7,6.5,8.9,54.8,59.0,27.9,103.69,13.1,3349
90,De'Anthony Melton,PHI,24,46,30,16,29.1,114.5,112.6,2.0,14.0,1.90,19.9,3.6,12.4,8.1,10.5,54.6,56.1,17.1,98.87,8.5,2750
90,DeMar DeRozan,CHI,33,46,22,24,36.2,113.0,111.6,1.5,21.7,2.48,17.4,1.4,12.3,7.0,7.0,52.6,60.3,28.2,101.15,14.6,3510
90,Dejounte Murray,ATL,26,46,23,23,36.7,112.4,113.4,-1.1,24.5,2.64,21.9,1.9,12.8,7.3,8.3,51.8,54.4,24.6,101.38,12.7,3566
90,Dillon Brooks,MEM,27,46,29,17,30.6,114.8,107.3,7.6,12.0,1.68,13.3,1.9,8.6,5.2,7.9,45.8,48.6,22.9,101.61,6.2,2975
90,Grayson Allen,MIL,27,46,31,15,27.3,111.2,108.1,3.1,13.0,2.39,21.7,3.1,9.0,6.1,9.1,56.5,61.4,14.5,102.26,8.8,2686
90,Jalen Williams,OKC,21,46,22,24,28.7,109.1,112.0,-2.9,13.4,1.80,18.9,2.5,10.5,6.5,10.5,55.7,58.0,17.0,103.94,8.6,2859
90,Kevin Huerter,SAC,24,46,25,21,30.9,120.3,114.9,5.4,13.3,2.07,18.0,2.1,9.5,5.8,8.7,59.9,61.4,19.0,100.65,8.6,2993
90,Luka Doncic,DAL,23,46,27,19,36.8,118.5,115.2,3.3,42.8,2.29,21.3,2.6,22.6,12.6,9.3,56.4,61.1,37.5,96.58,21.2,3408
90,Marcus Morris Sr.,LAC,33,46,25,21,28.9,112.7,114.0,-1.3,9.4,1.98,12.6,1.7,13.9,7.9,6.4,52.9,55.3,19.0,97.24,8.4,2694
90,Naji Marshall,NOP,25,46,24,22,25.2,110.7,110.9,-0.2,14.3,1.95,19.4,2.9,12.2,7.4,10.0,48.8,53.7,17.6,101.95,8.7,2464
90,Shai Gilgeous-Alexander,OKC,24,46,21,25,35.6,115.2,113.0,2.2,25.4,1.90,17.0,2.2,10.6,6.4,9.0,53.5,62.5,31.6,103.24,17.5,3523
90,Usman Garuba,HOU,20,46,12,34,13.9,101.0,112.6,-11.6,10.6,1.41,22.5,10.9,20.5,15.4,16.0,57.5,57.8,9.4,103.44,9.3,1378
107,Aaron Gordon,DEN,27,45,32,13,30.1,123.4,110.9,12.6,11.5,1.61,15.1,9.1,14.6,12.0,9.4,62.3,63.7,21.1,100.52,11.6,2831
107,Aaron Nesmith,IND,23,45,20,25,23.6,113.2,115.9,-2.7,6.6,1.19,10.6,3.2,12.3,7.7,8.9,49.4,54.2,16.9,102.59,5.4,2263
107,Alperen Sengun,HOU,20,45,9,36,28.0,111.1,118.4,-7.3,19.7,1.46,19.4,11.4,20.1,15.7,13.3,58.5,62.2,21.8,100.26,13.8,2653
107,Andrew Nembhard,IND,23,45,21,24,27.1,110.7,115.8,-5.1,20.2,2.26,29.1,1.9,8.5,5.2,12.8,50.8,52.5,14.9,103.09,6.1,2621
107,CJ McCollum,NOP,31,45,23,22,35.1,113.8,112.6,1.2,24.9,2.17,20.5,2.3,10.3,6.3,9.5,51.1,53.7,26.7,100.27,11.4,3301
107,Christian Braun,DEN,21,45,31,14,13.7,107.7,113.6,-5.9,5.7,1.44,13.3,4.7,10.1,7.4,9.2,52.1,53.3,11.7,99.88,5.3,1285
107,Doug McDermott,SAS,31,45,14,31,20.4,110.2,118.9,-8.7,9.3,1.42,12.7,1.4,9.5,5.4,8.9,58.2,59.6,18.3,104.47,7.4,2015
107,Draymond Green,GSW,32,45,25,20,31.6,114.8,109.7,5.2,26.9,2.78,42.9,2.6,18.9,11.1,15.4,56.5,59.0,12.0,104.79,10.1,3095
107,Gary Trent Jr.,TOR,24,45,20,25,33.2,111.9,113.6,-1.7,7.1,1.64,8.3,1.1,6.8,3.7,5.0,53.5,57.4,21.1,99.60,9.4,3118
107,Jarrett Allen,CLE,24,45,28,17,33.1,114.9,107.9,7.0,7.4,1.14,12.1,9.7,20.9,15.4,10.6,63.4,66.0,16.2,96.71,13.2,2999
107,Jaylen Brown,BOS,26,45,31,14,36.0,115.5,110.9,4.6,15.3,1.04,11.1,3.5,15.8,9.8,10.7,55.1,58.7,30.9,100.93,13.4,3399
107,Josh Giddey,OKC,20,45,19,26,30.8,110.8,113.1,-2.3,27.1,1.85,24.1,5.9,19.0,12.4,13.0,51.9,53.6,23.8,103.33,12.7,2989
107,Josh Okogie,PHX,24,45,23,22,13.0,109.0,103.4,5.7,12.9,1.33,16.3,10.0,12.1,11.0,12.2,44.9,51.0,18.1,101.50,8.5,1228
107,Keldon Johnson,SAS,23,45,13,32,32.5,111.3,121.7,-10.4,12.4,1.30,10.7,2.5,12.5,7.2,8.2,50.5,54.6,27.7,101.02,10.0,3074
107,Matisse Thybulle,PHI,25,45,30,15,12.1,111.0,103.8,7.1,5.2,3.14,15.6,2.9,7.3,5.1,5.0,52.8,53.8,9.1,102.81,5.0,1165
107,Montrezl Harrell,PHI,29,45,29,16,13.0,112.4,110.6,1.8,7.4,0.97,10.8,9.6,11.6,10.6,11.2,60.3,63.6,17.5,100.95,9.6,1219
107,Naz Reid,MIN,23,45,21,24,17.6,108.9,111.8,-2.9,8.0,0.70,8.6,6.6,19.4,13.1,12.2,59.8,61.4,22.5,104.19,11.8,1713
107,O.G. Anunoby,TOR,25,45,21,24,35.8,113.8,112.0,1.9,8.3,0.93,10.6,3.9,12.1,7.7,11.4,52.7,56.2,20.0,98.74,8.8,3307
107,Oshae Brissett,IND,24,45,20,25,16.4,110.6,110.8,-0.2,4.7,1.19,8.7,5.4,14.7,10.0,7.3,48.5,53.3,14.2,102.14,7.4,1576
107,RJ Barrett,NYK,22,45,23,22,34.7,115.2,116.1,-0.9,12.4,1.22,11.7,2.3,12.4,7.3,9.6,49.2,54.0,25.2,98.99,9.5,3220
107,Shake Milton,PHI,26,45,32,13,22.8,111.9,108.3,3.6,21.1,2.37,25.3,2.6,10.1,6.5,10.7,55.4,58.9,18.2,101.83,9.8,2176
107,Tobias Harris,PHI,30,45,29,16,33.8,116.2,111.6,4.6,11.8,1.95,15.1,3.2,15.7,9.6,7.8,57.5,59.8,19.3,97.69,11.2,3098
107,Trae Young,ATL,24,45,23,22,35.7,114.9,114.2,0.8,40.1,2.41,26.2,1.8,6.1,4.0,10.9,48.0,56.6,32.0,103.74,14.1,3485
107,Tre Mann,OKC,21,45,21,24,18.6,106.8,105.8,1.0,11.9,1.63,14.8,2.0,10.1,5.9,9.1,46.9,48.0,19.6,102.65,6.5,1802
107,Troy Brown Jr.,LAL,23,45,20,25,23.9,111.6,112.3,-0.7,5.2,1.34,12.1,3.4,13.1,8.3,9.0,52.6,54.7,12.1,102.11,6.6,2290
107,Zach LaVine,CHI,27,45,22,23,35.7,111.2,113.0,-1.7,17.9,1.69,15.5,1.8,11.1,6.6,9.1,54.0,58.6,27.4,101.14,11.7,3391
133,Brandon Clarke,MEM,26,44,26,18,19.7,109.4,107.5,1.9,9.0,1.06,12.0,7.3,17.7,12.7,11.3,67.0,69.4,17.9,104.77,13.5,1884
133,Jalen Duren,DET,19,44,12,32,24.5,109.6,116.7,-7.1,5.9,0.86,11.7,12.8,21.5,17.0,13.6,66.0,66.7,12.3,101.34,11.0,2281
133,Jeremy Sochan,SAS,19,44,11,33,26.2,112.4,120.4,-8.0,12.7,1.45,18.2,6.1,13.2,9.4,12.5,49.5,51.9,17.9,101.73,6.6,2440
133,Jusuf Nurkic,POR,28,44,22,22,27.8,115.8,113.8,2.0,15.6,1.18,17.2,8.8,26.3,17.7,14.5,56.9,59.9,21.9,99.49,12.2,2537
133,Luke Kornet,BOS,27,44,29,15,11.6,109.6,105.4,4.3,8.2,1.81,18.2,11.1,13.1,12.1,10.1,69.4,71.8,10.6,102.50,10.1,1090
133,Paolo Banchero,ORL,20,44,17,27,33.7,109.9,114.4,-4.5,17.1,1.30,14.4,3.1,15.9,9.6,11.1,47.7,54.8,27.4,100.65,11.3,3107
133,Rudy Gobert,MIN,30,44,21,23,31.1,108.5,108.5,0.0,4.1,0.50,7.2,10.9,25.8,18.7,14.4,67.5,69.2,15.6,100.80,14.1,2860
140,Alex Caruso,CHI,28,43,19,24,24.5,112.7,107.6,5.1,16.9,2.55,34.8,2.6,10.2,6.4,13.6,53.4,56.9,10.9,101.00,7.1,2220
140,Darius Garland,CLE,23,43,22,21,35.7,115.0,108.7,6.3,35.1,2.82,27.4,1.4,7.0,4.2,9.7,52.6,58.1,26.6,96.87,13.7,3107
140,David Roddy,MEM,21,43,28,15,18.1,107.9,111.0,-3.0,5.1,0.74,8.5,3.1,10.3,6.7,11.4,48.4,49.9,15.8,103.97,4.9,1687
140,Deandre Ayton,PHX,24,43,19,24,29.9,111.8,115.1,-3.3,11.6,1.01,11.1,9.4,25.4,17.1,11.0,57.6,59.7,24.3,98.48,14.1,2635
140,Eric Gordon,HOU,34,43,11,32,29.9,106.9,115.0,-8.1,13.1,1.63,17.5,0.9,5.9,3.3,10.7,51.4,55.7,17.1,102.35,7.5,2754
140,Fred VanVleet,TOR,28,43,19,24,37.0,114.5,114.0,0.5,26.0,3.64,25.2,1.2,11.5,5.9,6.9,48.7,54.2,22.1,97.81,11.2,3247
140,Garrison Mathews,HOU,26,43,11,32,13.4,103.0,109.0,-6.0,5.7,1.38,10.0,1.5,7.4,4.4,7.3,51.2,56.8,13.8,102.09,6.0,1227
140,Goran Dragic,CHI,36,43,20,23,16.3,112.7,110.8,2.0,23.7,2.49,26.1,1.7,7.5,4.7,10.5,50.9,52.2,20.4,103.09,7.6,1506
140,Hamidou Diallo,DET,24,43,10,33,16.7,110.3,109.6,0.7,9.0,0.84,10.6,5.9,14.5,10.1,12.7,58.5,59.8,20.0,104.46,9.8,1559
140,Jock Landale,PHX,27,43,21,22,14.5,112.3,105.0,7.3,9.3,0.95,12.1,10.8,15.6,13.2,12.8,56.2,61.0,18.4,101.08,10.7,1305
140,Joe Harris,BKN,31,43,26,17,24.6,112.5,111.0,1.5,8.6,2.43,17.1,1.6,9.0,5.6,7.0,59.0,59.5,13.7,100.67,6.0,2215
140,John Collins,ATL,25,43,22,21,31.6,113.7,112.3,1.3,5.4,0.95,9.1,3.7,20.0,11.9,9.6,55.4,58.7,16.8,102.54,9.2,2902
140,John Konchar,MEM,26,43,27,16,23.2,116.1,106.3,9.8,7.7,2.52,19.1,3.7,15.4,9.6,7.6,53.6,55.5,10.6,103.00,8.7,2138
140,Malcolm Brogdon,BOS,30,43,30,13,25.0,115.0,110.7,4.3,23.4,2.42,21.8,3.0,14.4,8.6,9.0,57.0,61.6,22.3,100.61,13.5,2256
140,Monte Morris,WAS,27,43,22,21,28.4,117.5,114.5,3.0,24.1,5.97,35.1,1.5,10.0,5.9,5.9,55.4,57.9,14.9,99.80,10.0,2536
140,Myles Turner,IND,26,43,21,22,29.9,114.6,113.5,1.1,6.8,0.84,8.2,4.9,20.5,12.8,9.7,61.2,64.8,21.4,101.87,12.5,2735
140,Nikola Jokic,DEN,27,43,31,12,33.5,123.9,111.9,12.1,42.0,2.81,31.8,6.8,27.1,17.4,11.3,65.9,70.2,26.8,100.76,21.2,3032
140,Norman Powell,LAC,29,43,23,20,25.2,108.0,112.4,-4.4,11.0,0.96,9.9,1.4,9.7,5.7,10.3,56.8,61.4,25.1,100.87,11.1,2282
140,Trey Lyles,SAC,27,43,25,18,15.7,114.0,112.4,1.6,7.5,1.09,11.1,5.8,18.1,11.8,10.2,57.3,61.1,17.5,102.67,10.6,1444
159,Bismack Biyombo,PHX,30,42,24,18,14.3,114.0,107.4,6.6,9.0,1.00,16.8,7.6,19.3,13.5,16.8,55.6,53.1,13.4,98.47,7.9,1228
159,Christian Koloko,TOR,22,42,19,23,14.9,112.9,104.6,8.3,4.2,1.11,11.0,9.6,11.2,10.4,9.9,50.0,54.1,10.4,100.97,4.5,1320
159,Christian Wood,DAL,27,42,23,19,29.0,115.1,114.2,1.0,10.1,0.80,9.3,5.3,24.7,15.3,11.7,60.6,63.6,25.8,96.34,14.8,2444
159,Corey Kispert,WAS,23,42,20,22,27.5,110.9,112.3,-1.4,6.8,1.79,14.5,1.7,8.0,5.0,8.1,61.1,63.9,13.0,101.18,7.0,2435
159,Donovan Mitchell,CLE,26,42,27,15,35.8,114.0,108.9,5.1,22.9,1.69,16.1,2.7,8.6,5.7,9.5,57.4,62.0,30.6,96.71,15.2,3043
159,Edmond Sumner,BKN,27,42,27,15,13.5,110.5,108.7,1.7,14.2,1.49,17.5,1.9,8.8,5.6,11.8,51.5,59.2,20.3,103.36,8.9,1222
159,Isaiah Joe,OKC,23,42,21,21,15.0,119.2,106.4,12.8,9.1,2.47,13.8,2.3,11.9,7.1,5.6,64.6,66.8,16.8,104.34,10.8,1384
159,Ja Morant,MEM,23,42,28,14,32.6,115.9,108.7,7.2,41.5,2.34,22.9,3.1,13.0,8.0,9.8,50.5,55.6,33.8,102.23,17.5,2922
159,Jakob Poeltl,SAS,27,42,11,31,25.9,110.2,119.5,-9.3,16.3,1.52,20.9,11.9,23.8,17.4,13.7,62.0,62.7,18.0,101.44,12.6,2294
159,Jamal Murray,DEN,25,42,29,13,32.4,119.2,112.5,6.7,24.5,2.76,23.1,2.6,10.3,6.6,8.4,52.2,56.1,25.2,99.32,11.9,2817
159,Kendrick Nunn,WAS,27,42,21,21,14.0,108.9,108.6,0.4,10.0,1.25,11.0,1.3,8.2,4.9,8.8,49.3,50.7,22.4,105.70,6.8,1291
159,Kenrich Williams,OKC,28,42,22,20,22.3,112.2,108.6,3.6,11.4,3.95,21.5,7.8,13.9,10.8,5.4,60.0,59.4,12.7,101.55,9.8,1967
159,Kristaps Porzingis,WAS,27,42,18,24,32.6,115.0,113.2,1.8,11.5,1.13,10.8,6.2,19.4,13.2,9.5,53.1,59.9,27.1,99.61,13.8,2841
159,Kyle Anderson,MIN,29,42,22,20,26.7,113.5,110.0,3.4,20.3,2.82,32.3,3.0,14.3,8.9,11.5,54.5,58.9,13.9,102.12,10.1,2383
159,Kyle Lowry,MIA,36,42,21,21,33.7,111.2,111.2,0.0,23.1,2.71,29.4,2.4,11.3,6.6,10.8,50.5,55.6,16.7,97.40,9.0,2877
159,Pascal Siakam,TOR,28,42,18,24,37.7,116.2,113.6,2.6,26.4,2.44,20.2,4.8,17.6,10.8,8.3,50.6,56.3,27.9,98.09,13.8,3235
159,Patrick Beverley,LAL,34,42,20,22,26.9,111.2,114.6,-3.4,11.9,2.76,26.6,2.1,9.5,5.8,9.6,50.2,53.4,10.8,101.97,4.9,2398
159,Steven Adams,MEM,29,42,28,14,27.0,118.7,109.0,9.7,10.7,1.23,19.6,17.1,22.2,19.6,16.0,59.7,56.4,13.9,101.29,11.2,2396
159,Terrence Ross,ORL,31,42,16,26,22.5,110.6,112.6,-2.0,8.3,1.46,13.6,1.1,7.8,4.5,9.3,53.3,54.3,15.7,99.78,6.1,1962
178,Anthony Lamb,GSW,25,41,23,18,19.6,110.0,112.1,-2.1,12.1,1.64,20.3,4.1,12.8,8.5,12.4,64.0,65.4,13.9,103.47,7.8,1734
178,Austin Rivers,MIN,30,41,21,20,21.2,109.9,115.0,-5.1,9.3,2.82,22.8,0.4,8.3,4.3,8.1,56.9,59.6,10.2,102.68,5.4,1848
178,Bones Hyland,DEN,22,41,27,14,19.9,110.9,118.9,-8.0,24.0,1.88,19.0,1.2,9.8,5.4,10.1,50.6,54.2,27.6,98.59,10.1,1674
178,Caleb Martin,MIA,27,41,22,19,30.6,109.3,106.9,2.5,7.9,1.46,14.5,4.4,11.8,8.0,10.0,53.4,55.9,14.2,98.95,7.4,2581
178,Coby White,CHI,22,41,20,21,21.2,113.4,112.8,0.6,12.1,2.26,18.9,0.8,11.3,6.1,8.4,52.6,54.6,16.4,102.77,7.2,1864
178,De'Andre Hunter,ATL,25,41,23,18,32.1,113.5,112.9,0.6,5.6,1.04,8.0,1.8,11.3,6.5,7.7,51.8,56.6,19.5,102.23,7.1,2807
178,Isaiah Stewart,DET,21,41,10,31,28.1,110.2,117.1,-6.9,6.4,0.86,9.6,8.0,19.6,13.7,11.1,52.1,56.5,16.9,101.40,8.7,2435
178,Kevin Love,CLE,34,41,24,17,20.0,112.5,108.5,4.0,13.1,1.62,17.5,5.2,29.8,17.4,10.8,51.1,55.5,18.6,99.70,12.5,1712
178,Larry Nance Jr.,NOP,30,41,20,21,22.6,112.0,106.6,5.4,11.8,2.44,22.0,7.5,18.1,12.8,9.0,63.3,65.0,12.5,101.32,11.4,1957
178,Marcus Smart,BOS,28,41,30,11,32.5,118.0,110.9,7.0,28.9,3.03,36.2,2.3,8.0,5.2,11.9,51.5,54.3,16.9,101.18,8.4,2796
178,Talen Horton-Tucker,UTA,22,41,21,20,15.4,109.5,107.4,2.2,22.1,2.02,22.4,2.3,11.5,6.9,11.1,45.4,48.9,21.3,104.41,8.7,1374
178,Terry Rozier,CHA,28,41,12,29,35.7,110.1,115.5,-5.4,21.9,2.24,18.3,2.4,9.4,5.6,8.1,48.7,51.8,26.2,102.08,10.1,3120
178,Thaddeus Young,TOR,34,41,16,25,16.0,110.3,115.6,-5.3,13.2,1.91,23.4,8.9,13.7,11.1,12.3,57.5,58.9,12.7,98.89,8.8,1358
178,Wenyen Gabriel,LAL,25,41,20,21,15.7,111.5,110.9,0.6,4.2,0.66,7.7,10.2,13.7,12.0,11.7,64.4,65.3,14.6,103.84,8.9,1379
192,Al Horford,BOS,36,40,28,12,30.9,117.5,111.3,6.2,11.4,4.65,24.6,4.0,15.3,9.9,5.3,60.8,61.2,11.6,100.57,8.8,2581
192,Donte DiVincenzo,GSW,25,40,24,16,25.0,112.5,109.4,3.1,17.5,2.40,27.3,3.7,13.9,8.8,11.4,54.1,56.2,14.1,104.89,9.0,2187
192,Kelly Olynyk,UTA,31,40,19,21,28.2,115.9,115.9,-0.1,15.6,1.42,21.8,3.9,13.4,8.7,15.4,59.2,64.4,17.2,100.30,8.5,2352
192,Kevin Knox II,DET,23,40,8,32,14.5,104.8,112.2,-7.4,4.0,0.48,6.3,3.1,14.4,8.6,13.1,59.9,62.2,15.6,103.66,7.5,1258
192,Kevin Porter Jr.,HOU,22,40,10,30,34.0,109.1,118.2,-9.2,27.0,1.57,21.4,3.8,11.7,7.7,13.6,50.9,55.1,25.1,100.26,10.9,2839
192,LeBron James,LAL,38,40,19,21,36.3,115.1,112.6,2.6,31.7,2.27,19.9,3.3,19.4,11.5,8.7,55.4,58.9,32.5,103.00,17.8,3123
192,Mike Conley,UTA,35,40,21,19,29.6,118.3,116.2,2.0,33.9,4.73,40.5,1.4,7.4,4.3,8.5,49.7,53.5,15.6,100.11,9.2,2465
192,Nick Richards,CHA,25,40,10,30,17.0,106.8,110.3,-3.5,4.6,0.64,7.1,13.2,16.5,14.8,11.2,62.4,66.3,16.2,101.69,12.3,1447
192,Quentin Grimes,NYK,22,40,21,19,29.9,117.5,113.0,4.5,9.3,1.80,17.1,2.7,8.6,5.6,9.5,56.2,58.8,13.8,97.58,6.3,2430
192,Tyrese Haliburton,IND,22,40,22,18,33.4,114.5,114.7,-0.2,46.3,3.90,35.1,2.0,9.6,5.8,9.0,57.8,61.3,23.7,102.15,16.2,2847
192,Zach Collins,SAS,25,40,13,27,20.6,107.5,118.0,-10.5,16.9,1.29,20.1,8.9,18.3,13.5,15.6,57.8,61.0,19.2,103.91,10.1,1788
192,Zeke Nnaji,DEN,22,40,26,14,13.1,102.8,107.3,-4.5,3.3,0.65,5.8,9.4,7.7,8.5,8.9,61.4,63.1,14.4,98.02,7.4,1070
204,Aaron Wiggins,OKC,24,39,21,18,18.4,111.9,109.9,2.0,10.8,1.61,19.3,5.7,12.2,8.9,12.0,57.2,60.3,14.0,102.49,8.0,1525
204,Alec Burks,DET,31,39,10,29,22.2,113.1,114.4,-1.3,15.0,2.02,15.8,1.6,12.3,6.9,7.8,56.5,62.2,21.8,103.71,11.7,1883
204,Collin Sexton,UTA,24,39,21,18,23.9,117.5,115.6,1.9,16.9,1.57,17.0,3.4,5.6,4.6,10.8,55.2,61.4,23.1,102.12,9.5,1972
204,Dyson Daniels,NOP,19,39,21,18,19.9,108.0,107.8,0.2,16.1,2.23,31.4,3.6,13.6,8.7,14.1,51.0,52.5,11.2,103.71,6.9,1675
204,Giannis Antetokounmpo,MIL,28,39,27,12,33.4,112.4,107.5,4.9,29.3,1.30,14.6,6.7,26.0,16.6,11.3,55.4,59.3,37.4,103.39,19.9,2809
204,Isaiah Jackson,IND,21,39,16,23,15.6,107.8,111.6,-3.8,8.8,0.97,11.8,8.4,15.7,12.0,12.1,55.9,59.6,16.9,104.75,9.6,1330
204,Jrue Holiday,MIL,32,39,27,12,32.7,116.0,108.3,7.6,32.7,2.25,26.5,3.7,10.7,7.2,11.8,53.9,57.2,25.5,101.72,13.2,2713
204,Juancho Hernangomez,TOR,27,39,18,21,15.4,114.1,114.3,-0.3,5.0,1.60,15.3,4.1,16.8,10.1,9.6,50.9,51.7,9.2,99.17,5.8,1244
204,Kevin Durant,BKN,34,39,26,13,36.0,117.0,111.0,6.1,23.9,1.52,17.4,1.1,16.5,9.6,11.4,60.7,67.3,31.1,99.23,18.6,2905
204,Klay Thompson,GSW,32,39,21,18,32.5,115.9,112.5,3.4,10.7,1.46,10.5,2.1,9.3,5.8,7.2,53.2,55.3,25.9,105.08,9.0,2776
204,Kyrie Irving,BKN,30,39,24,15,37.1,116.3,111.0,5.3,22.4,2.35,17.8,2.9,10.5,7.1,7.6,56.6,60.5,29.3,98.64,14.7,2973
204,Mike Muscala,OKC,31,39,18,21,14.4,115.8,105.9,10.0,7.6,2.36,13.9,3.4,16.2,9.9,5.9,55.4,58.6,14.6,105.91,8.4,1244
204,Miles McBride,NYK,22,39,21,18,13.2,109.5,104.9,4.5,12.8,2.61,21.7,1.7,4.2,2.9,8.3,40.8,43.2,13.6,98.01,3.9,1054
204,Mo Bamba,ORL,24,39,17,22,16.9,114.8,112.7,2.1,8.6,1.90,13.9,7.2,18.8,13.3,7.3,59.5,61.3,16.2,98.64,10.4,1350
204,Moses Moody,GSW,20,39,20,19,14.8,105.4,112.4,-7.0,8.8,1.33,15.5,2.8,8.5,5.6,11.6,56.8,59.0,14.0,104.46,6.4,1253
204,Tyler Herro,MIA,23,39,21,18,34.7,112.9,110.6,2.3,19.5,1.79,17.7,1.3,16.6,8.7,9.9,52.8,56.4,25.2,97.78,12.4,2771
220,Amir Coffey,LAC,25,38,20,18,14.2,105.0,111.9,-6.9,12.5,3.20,22.4,2.7,5.5,4.1,7.0,41.3,49.6,12.5,101.13,4.4,1135
220,Damian Lillard,POR,32,38,19,19,35.9,120.1,116.1,4.0,33.3,2.33,21.5,1.7,9.4,5.7,9.2,56.6,64.0,31.9,99.30,16.6,2830
220,Derrick Jones Jr.,CHI,25,38,15,23,15.5,112.7,110.0,2.7,6.3,1.50,12.2,6.3,10.3,8.3,8.1,58.8,63.0,13.8,102.18,8.2,1251
220,Dorian Finney-Smith,DAL,29,38,18,20,32.1,115.3,115.2,0.2,6.1,1.56,13.5,4.9,10.0,7.4,8.7,53.1,54.6,12.4,95.56,5.9,2432
220,JT Thor,CHA,20,38,10,28,11.1,102.7,107.1,-4.4,5.1,0.83,10.6,4.2,11.0,7.6,12.7,42.5,46.3,12.4,102.34,4.3,896
220,Jericho Sims,NYK,24,38,21,17,14.9,109.9,115.3,-5.4,4.1,0.89,13.0,12.6,18.7,15.6,14.6,81.4,81.9,7.9,98.75,10.3,1162
220,Jonathan Kuminga,GSW,20,38,22,16,19.1,107.1,111.7,-4.7,14.2,1.24,17.1,5.3,10.8,8.1,13.9,54.1,56.7,18.8,103.86,7.2,1569
220,Josh Richardson,SAS,29,38,11,27,23.2,110.4,116.9,-6.5,19.0,2.20,22.0,2.9,8.8,5.8,10.0,53.4,56.3,19.8,103.75,9.2,1906
220,Mitchell Robinson,NYK,24,38,21,17,26.9,118.0,109.7,8.2,4.9,2.06,13.9,15.3,16.3,15.8,6.8,67.4,65.8,9.5,96.84,10.2,2048
220,Will Barton,WAS,32,38,17,21,19.7,106.3,114.5,-8.2,17.8,2.26,22.5,1.1,12.6,6.7,9.9,47.0,49.8,18.2,100.68,8.1,1577
230,Ben Simmons,BKN,26,37,22,15,27.3,114.4,111.4,3.0,29.8,2.69,41.8,4.0,18.4,12.0,15.5,56.6,56.0,14.5,100.47,10.4,2108
230,Daishen Nix,HOU,20,37,10,27,14.6,106.9,110.0,-3.1,22.1,1.70,32.8,1.9,8.4,5.0,19.3,46.6,49.7,13.6,101.89,5.8,1146
230,Dennis Schroder,LAL,29,37,19,18,30.5,114.8,115.0,-0.2,16.6,2.41,23.3,1.0,7.3,4.3,9.7,47.1,54.4,17.6,101.99,7.0,2393
230,Gabe Vincent,MIA,26,37,21,16,24.9,109.2,108.3,0.9,15.8,1.83,20.4,1.5,7.4,4.4,11.1,50.3,53.3,17.7,98.70,6.4,1892
230,Joel Embiid,PHI,28,37,24,13,34.8,116.9,108.7,8.2,23.3,1.12,12.3,5.9,23.5,15.3,11.0,56.2,64.1,37.9,98.62,20.8,2653
230,Jordan Nwora,MIL,24,37,25,12,16.0,104.4,112.6,-8.2,9.2,1.12,13.5,4.7,14.5,9.6,12.1,49.2,53.6,17.0,102.27,7.9,1264
230,Keita Bates-Diop,SAS,27,37,10,27,18.3,105.1,116.5,-11.4,6.8,1.23,10.7,5.5,10.7,7.9,8.7,54.7,58.4,16.2,102.66,8.6,1437
230,Malaki Branham,SAS,19,37,8,29,19.7,107.5,121.2,-13.7,11.9,1.73,17.6,1.3,7.5,4.4,10.2,47.8,50.1,16.7,103.87,5.2,1582
230,Paul Reed,PHI,23,37,22,15,9.7,104.0,109.5,-5.5,5.7,0.64,10.4,13.3,21.8,17.3,16.3,56.7,59.2,13.9,101.92,9.2,755
230,Rudy Gay,UTA,36,37,20,17,14.8,115.2,104.4,10.9,7.4,1.52,13.7,4.1,15.2,9.8,9.0,41.9,45.3,15.1,102.34,6.2,1162
230,Seth Curry,BKN,32,37,25,12,23.2,112.1,111.5,0.6,13.1,1.93,17.7,1.2,7.4,4.5,9.2,57.8,60.2,18.9,100.16,8.2,1799
230,Thomas Bryant,LAL,25,37,19,18,22.4,114.7,116.8,-2.1,4.9,1.00,7.2,8.1,23.1,15.9,7.2,68.3,70.5,18.5,102.40,13.7,1771
230,Yuta Watanabe,BKN,28,37,21,16,18.2,114.1,112.7,1.5,6.3,2.07,13.2,4.2,10.7,7.6,6.4,66.8,67.7,13.0,101.67,8.3,1430
243,Andre Drummond,CHI,29,36,16,20,13.0,109.6,108.9,0.7,7.1,0.62,9.6,16.0,33.5,24.7,15.4,61.0,61.0,19.1,102.47,14.9,992
243,Anthony Gill,WAS,30,36,14,22,9.8,111.0,112.5,-1.5,6.7,3.40,16.3,5.3,9.3,7.2,4.8,61.1,65.4,10.1,100.91,6.3,745
243,Austin Reaves,LAL,24,36,17,19,28.9,113.4,111.3,2.1,9.8,1.63,18.9,2.3,7.7,5.2,11.6,57.7,64.5,13.6,103.87,7.7,2259
243,Chimezie Metu,SAC,25,36,21,15,10.8,110.9,108.6,2.2,8.4,1.14,12.9,6.6,20.4,13.6,11.3,60.2,63.3,16.7,107.67,10.9,865
243,Cory Joseph,DET,31,36,9,27,15.7,112.0,114.5,-2.4,28.1,4.68,37.5,1.7,6.7,4.1,8.0,45.5,49.1,14.2,101.55,7.1,1196
243,Haywood Highsmith,MIA,26,36,20,16,19.0,102.9,107.2,-4.3,5.6,0.86,11.3,5.4,13.9,9.5,13.1,50.6,50.3,12.2,98.56,6.2,1405
243,Jimmy Butler,MIA,33,36,20,16,33.9,114.1,112.2,1.9,23.9,2.92,20.9,6.1,13.1,9.4,7.2,54.6,63.0,24.0,97.35,17.2,2470
243,Jordan Goodwin,WAS,24,36,13,23,18.8,106.4,109.7,-3.3,20.8,2.85,27.8,4.8,12.5,8.7,9.7,52.2,54.9,15.4,101.58,10.3,1431
243,Lamar Stevens,CLE,25,36,21,15,19.4,112.5,111.9,0.6,4.1,1.11,9.1,3.6,13.8,8.9,8.2,50.3,52.7,13.5,96.82,6.1,1403
243,Obi Toppin,NYK,24,36,17,19,15.4,107.0,107.1,-0.1,9.0,1.65,11.9,2.9,15.3,9.3,7.2,52.8,54.6,18.1,101.92,10.2,1178
243,Paul George,LAC,32,36,22,14,33.9,117.4,111.7,5.7,25.1,1.59,18.9,2.2,15.8,9.4,11.8,54.9,59.9,30.0,97.58,14.3,2481
243,Terence Davis,SAC,25,36,20,16,12.9,116.1,108.2,7.8,12.9,1.45,15.7,3.1,14.9,9.0,10.8,53.3,55.9,21.1,105.78,8.8,1008
243,Theo Maledon,CHA,21,36,10,26,16.1,105.8,115.9,-10.1,20.4,2.46,28.4,1.4,13.2,7.1,11.6,48.1,55.1,15.1,103.30,9.7,1255
243,Vlatko Cancar,DEN,25,36,24,12,14.2,107.2,111.1,-3.8,12.6,1.76,21.5,3.2,12.5,7.7,12.2,60.9,63.5,13.4,98.71,7.7,1049
257,Clint Capela,ATL,28,35,19,16,27.1,114.2,113.8,0.4,3.8,0.93,7.0,15.1,25.9,20.4,7.6,64.3,64.8,15.1,102.90,14.1,2038
257,Herbert Jones,NOP,24,35,15,20,27.7,115.0,113.1,1.9,9.7,1.67,16.6,5.0,8.8,6.9,9.9,48.2,53.4,15.5,100.51,6.0,2030
257,Isaiah Roby,SAS,24,35,9,26,10.6,103.8,112.4,-8.6,12.4,1.74,17.5,4.0,20.7,11.5,10.1,50.8,50.8,17.0,103.60,8.1,800
257,KZ Okpala,SAC,23,35,19,16,7.1,106.4,105.0,1.5,6.5,1.86,21.0,2.8,10.2,6.6,11.3,51.3,55.4,8.1,106.83,3.1,543
257,Kelly Oubre Jr.,CHA,27,35,10,25,32.6,109.3,118.2,-8.9,5.8,0.95,5.5,4.1,11.7,7.6,5.7,48.6,51.5,26.0,101.90,8.6,2414
257,Malachi Flynn,TOR,24,35,16,19,14.1,109.9,114.9,-5.0,14.6,3.13,20.2,2.4,9.5,5.6,6.5,47.1,48.8,16.7,98.61,5.5,1019
257,Nickeil Alexander-Walker,UTA,24,35,18,17,14.9,109.7,110.9,-1.2,20.6,1.73,24.9,1.5,9.5,5.6,14.4,59.8,61.6,18.4,102.11,9.1,1109
257,Payton Pritchard,BOS,25,35,25,10,12.5,106.1,105.0,1.1,13.3,1.42,16.0,4.2,8.2,6.2,11.3,50.0,50.8,19.1,98.29,6.7,896
257,Stephen Curry,GSW,34,35,19,16,34.6,117.9,112.0,5.9,28.2,2.04,20.6,1.6,15.5,8.7,10.1,61.8,66.3,29.6,105.55,17.3,2670
266,Danuel House Jr.,PHI,29,34,21,13,15.6,109.9,111.4,-1.5,6.8,1.56,14.5,1.4,10.2,6.1,9.3,57.8,61.1,12.1,100.81,6.0,1109
266,George Hill,MIL,36,34,23,11,19.6,106.6,106.7,-0.1,18.7,3.30,33.5,1.8,7.4,4.7,10.2,53.4,57.5,11.0,101.48,7.7,1414
266,Ish Wainright,PHX,28,34,17,17,14.4,113.1,104.0,9.1,9.8,2.40,20.8,5.8,7.3,6.5,8.7,51.7,52.5,11.4,101.69,4.8,1028
266,Jaren Jackson Jr.,MEM,23,34,22,12,26.8,115.4,103.5,11.9,4.6,0.57,5.5,6.5,15.4,11.1,9.7,56.3,60.8,22.3,104.24,12.6,1980
266,John Wall,LAC,32,34,15,19,22.2,105.0,111.6,-6.6,38.0,2.23,27.5,1.8,9.6,5.8,12.4,45.6,49.7,25.9,102.65,10.2,1614
266,Lonnie Walker IV,LAL,24,34,13,21,29.2,109.3,115.7,-6.4,6.6,1.39,9.2,1.1,6.4,3.9,6.6,54.9,58.4,19.2,104.00,7.5,2151
266,MarJon Beauchamp,MIL,22,34,21,13,14.9,105.7,109.3,-3.6,6.6,0.70,9.2,5.6,9.2,7.3,13.2,49.5,51.3,17.8,102.99,5.0,1088
266,Moses Brown,LAC,23,34,16,18,8.5,113.0,108.5,4.5,2.1,0.29,2.7,17.0,26.9,21.7,9.6,63.5,60.7,19.1,102.01,13.5,614
266,Pat Connaughton,MIL,30,34,21,13,24.8,112.6,109.8,2.8,6.6,2.05,12.3,3.0,14.5,8.9,6.0,52.7,53.3,14.3,102.27,7.8,1800
266,Trendon Watford,POR,22,34,17,17,15.0,106.5,112.7,-6.1,13.4,1.68,23.3,4.3,17.9,11.3,13.9,60.6,65.1,13.0,99.31,10.0,1055
276,Cam Thomas,BKN,21,33,22,11,13.8,113.8,107.0,6.7,13.2,1.58,14.6,0.7,8.3,4.8,9.3,48.4,54.1,22.9,99.25,8.8,945
276,Cole Anthony,ORL,22,33,15,18,25.7,111.7,115.2,-3.5,24.5,2.60,24.9,2.0,15.4,8.8,9.6,49.5,55.4,20.8,99.08,10.8,1744
276,Dario Saric,PHX,28,33,14,19,13.8,111.0,115.6,-4.7,14.7,1.50,19.8,7.6,20.0,13.6,13.2,51.0,55.6,17.8,99.58,8.9,948
276,Darius Bazley,OKC,22,33,15,18,15.7,105.6,105.5,0.1,8.5,1.48,13.4,4.5,15.4,10.1,9.1,49.0,51.2,16.2,101.87,8.7,1096
276,Davis Bertans,DAL,30,33,16,17,10.8,106.1,113.2,-7.1,5.4,1.33,9.0,1.4,7.2,4.2,6.8,56.5,58.3,14.9,99.99,5.0,743
276,James Harden,PHI,33,33,22,11,36.7,118.5,113.0,5.5,44.8,3.18,35.0,1.6,16.2,9.1,11.0,54.4,61.4,24.7,97.45,16.2,2464
276,Michael Porter Jr.,DEN,24,33,23,10,28.9,121.9,111.7,10.2,4.8,0.97,6.9,3.5,16.1,10.2,7.1,59.1,60.8,21.2,101.11,9.8,2011
276,Raul Neto,CLE,30,33,21,12,10.3,112.6,108.3,4.3,19.4,3.83,33.6,1.9,7.2,4.7,8.8,60.9,65.6,11.9,96.93,9.2,690
276,Rui Hachimura,LAL,24,33,18,15,24.3,106.1,109.6,-3.5,7.6,1.03,8.3,2.7,13.6,8.3,8.1,53.1,55.4,21.7,102.04,10.3,1704
285,DeAndre Jordan,DEN,34,32,20,12,14.4,107.4,114.9,-7.5,9.3,0.81,17.5,9.2,24.1,17.2,21.6,77.6,73.3,13.2,100.71,10.4,960
285,Josh Christopher,HOU,21,32,6,26,8.4,100.0,123.1,-23.1,13.5,0.92,13.3,3.3,10.4,6.5,14.5,43.2,46.5,21.3,100.34,5.5,563
285,Josh Green,DAL,22,32,16,16,22.3,113.7,107.0,6.7,9.2,1.55,17.6,4.3,7.0,5.6,11.4,66.0,68.5,12.9,98.54,7.1,1469
285,Luke Kennard,LAC,26,32,18,14,21.5,112.3,106.3,6.1,7.3,1.20,13.3,0.9,10.1,5.8,11.1,63.6,65.5,14.9,99.51,8.1,1427
285,Max Christie,LAL,19,32,13,19,14.6,105.4,112.8,-7.4,4.9,1.55,12.9,1.3,12.6,6.9,8.3,54.6,57.2,10.0,103.33,6.2,1006
285,Richaun Holmes,SAC,29,32,16,16,9.1,105.6,111.0,-5.4,2.6,0.42,5.7,8.2,15.4,11.9,13.8,71.5,73.8,11.7,103.70,8.4,627
285,Robert Covington,LAC,32,32,14,18,16.6,108.5,107.9,0.5,11.7,1.95,18.4,4.0,17.5,10.9,9.4,51.0,53.9,14.7,100.36,9.7,1118
285,Romeo Langford,SAS,23,32,10,22,20.2,109.0,116.2,-7.2,8.8,1.95,15.1,6.5,7.1,6.8,7.7,52.2,53.8,15.1,102.76,6.4,1374
285,Taj Gibson,WAS,37,32,15,17,10.1,114.3,111.6,2.8,10.5,1.37,18.3,7.8,13.4,10.6,13.4,55.9,58.8,15.4,99.93,5.7,676
285,Wendell Carter Jr.,ORL,23,32,13,19,30.0,110.0,111.6,-1.6,13.7,1.20,15.5,7.2,21.0,14.5,12.9,58.0,61.8,20.8,99.97,12.5,1993
295,Aleksej Pokusevski,OKC,21,31,15,16,21.9,105.6,118.2,-12.6,13.1,1.51,17.1,6.0,16.3,10.9,11.3,51.9,53.0,17.9,103.87,8.8,1465
295,Chris Duarte,IND,25,31,13,18,19.4,109.5,115.7,-6.2,11.6,1.81,14.9,1.6,10.8,6.0,8.2,44.1,49.4,18.6,103.19,6.3,1290
295,Chris Paul,PHX,37,31,15,16,31.8,113.5,113.0,0.6,39.9,4.27,37.4,1.3,12.4,6.8,8.8,53.4,58.0,19.9,97.13,13.8,1994
295,Davon Reed,DEN,27,31,20,11,9.0,98.5,109.5,-11.0,8.6,1.07,14.7,3.0,15.0,9.1,13.8,42.8,46.8,14.1,100.47,4.6,585
295,Duane Washington Jr.,PHX,22,31,17,14,12.7,107.4,107.9,-0.5,26.0,1.85,17.4,0.4,8.5,4.2,9.4,44.5,45.8,29.8,102.14,8.0,837
295,JaMychal Green,GSW,32,31,16,15,14.8,108.2,113.9,-5.7,6.9,0.61,10.2,9.9,16.9,13.4,16.7,57.0,60.1,16.9,106.19,8.3,1012
295,Jabari Walker,POR,20,31,15,16,8.7,102.3,102.1,0.2,8.6,1.45,16.2,10.6,13.9,12.3,11.1,42.7,47.0,12.6,102.03,6.0,575
295,Wesley Matthews,MIL,36,31,21,10,14.7,111.6,108.0,3.6,5.2,1.50,14.3,4.8,7.5,6.1,9.5,48.9,51.4,9.6,103.60,3.7,979
295,Xavier Tillman,MEM,24,31,21,10,12.5,101.3,109.1,-7.8,9.0,1.85,15.2,11.5,14.2,12.7,8.2,61.4,61.0,13.6,104.14,11.2,841
304,Andrew Wiggins,GSW,27,30,16,14,31.9,114.9,110.4,4.6,9.8,1.74,11.8,4.7,9.6,7.2,6.8,56.3,57.0,21.4,104.38,9.1,2076
304,Bradley Beal,WAS,29,30,16,14,32.8,116.5,114.5,2.0,25.1,1.95,20.2,2.5,7.9,5.3,10.3,56.0,60.5,26.9,98.80,13.2,2029
304,Caleb Houstan,ORL,20,30,9,21,16.5,109.8,115.2,-5.4,5.1,1.80,12.9,4.3,9.9,7.1,7.2,51.4,53.7,10.3,99.70,4.2,1031
304,Frank Ntilikina,DAL,24,30,15,15,12.6,111.4,110.4,1.0,13.6,1.57,23.7,1.0,9.5,5.3,15.1,42.4,45.2,13.3,100.42,2.8,784
304,Isaiah Livers,DET,24,30,7,23,21.0,106.4,117.5,-11.1,4.6,1.43,10.6,2.6,8.9,5.7,7.4,53.8,56.5,11.3,99.61,4.6,1307
304,JaVale McGee,DAL,35,30,14,16,7.9,100.2,119.0,-18.8,5.8,0.29,6.1,7.9,21.3,14.8,21.4,63.7,63.4,21.8,103.15,9.8,512
304,Juan Toscano-Anderson,LAL,29,30,12,18,12.2,102.0,113.1,-11.0,9.4,1.47,21.7,3.7,11.9,7.9,14.8,53.0,55.8,10.2,102.68,5.1,781
304,Landry Shamet,PHX,25,30,14,16,21.4,107.6,108.1,-0.5,15.7,2.31,18.7,1.2,6.9,3.9,8.1,50.6,54.6,19.2,99.86,7.8,1341
304,Markelle Fultz,ORL,24,30,15,15,28.0,108.8,115.1,-6.2,30.9,2.46,29.7,3.7,9.8,6.7,12.1,51.1,53.8,20.3,101.82,10.5,1787
304,Moritz Wagner,ORL,25,30,14,16,21.7,108.4,112.1,-3.6,12.7,1.26,14.5,6.6,17.8,12.1,11.5,56.8,63.6,19.8,102.06,11.3,1388
304,Patty Mills,BKN,34,30,16,14,12.7,114.7,115.7,-1.0,14.6,2.41,20.2,1.6,5.5,3.6,8.4,59.9,62.4,17.6,102.27,9.1,812
304,Tyrese Maxey,PHI,22,30,19,11,33.7,116.4,112.2,4.3,18.0,2.42,16.5,1.0,8.0,4.5,6.8,53.3,56.9,25.1,98.73,10.4,2081
316,Dennis Smith Jr.,CHA,25,29,9,20,25.6,104.6,107.1,-2.5,27.3,3.26,32.1,1.7,8.6,5.1,9.9,43.2,46.1,16.6,101.38,8.1,1567
316,Devin Booker,PHX,26,29,18,11,34.5,120.2,114.3,5.8,24.8,2.30,18.0,2.3,11.2,6.8,7.8,53.4,58.5,31.2,98.57,14.4,2057
316,Devin Vassell,SAS,22,29,8,21,31.3,107.4,119.2,-11.8,17.2,2.31,16.1,0.6,12.9,6.3,7.0,53.3,56.2,24.2,103.43,11.5,1956
316,Dewayne Dedmon,MIA,33,29,17,12,11.6,99.0,109.2,-10.1,8.2,0.79,8.4,7.7,23.1,15.2,10.7,55.6,59.2,20.4,102.60,11.0,712
316,Jaxson Hayes,NOP,22,29,13,16,14.1,103.5,110.3,-6.8,9.0,1.33,14.3,5.7,15.3,10.1,10.7,55.0,59.3,14.1,103.18,8.1,880
316,Jeff Green,DEN,36,29,18,11,19.5,108.7,113.8,-5.1,9.3,1.29,14.5,4.0,9.2,6.6,11.2,55.3,58.6,16.0,99.95,6.8,1172
316,Justise Winslow,POR,26,29,15,14,26.8,109.8,112.3,-2.6,17.7,2.28,27.8,6.2,12.3,9.3,12.2,44.4,46.6,13.9,98.90,6.3,1600
316,Nassir Little,POR,22,29,15,14,16.3,113.2,115.7,-2.6,7.7,1.67,13.4,2.5,11.5,7.1,8.0,60.7,61.4,14.7,98.97,8.1,970
316,Ochai Agbaji,UTA,22,29,18,11,12.9,113.9,109.6,4.3,4.8,1.56,11.7,4.4,7.3,5.9,7.5,57.8,58.7,11.5,103.98,4.5,805
316,Taurean Prince,MIN,28,29,17,12,21.0,112.1,110.9,1.1,8.6,1.22,14.7,1.3,9.3,5.5,12.0,61.2,63.5,15.4,105.84,6.6,1335
316,Ty Jerome,GSW,25,29,12,17,17.6,109.4,116.5,-7.1,21.4,3.89,28.9,0.6,8.3,4.4,7.4,58.5,62.2,14.9,102.73,9.1,1092
316,Zion Williamson,NOP,22,29,17,12,33.0,116.2,108.4,7.8,23.1,1.34,16.5,6.0,14.8,10.4,12.3,61.5,65.2,28.8,102.17,17.1,2031
328,Cameron Payne,PHX,28,28,15,13,24.0,114.4,111.3,3.1,30.6,2.69,27.8,1.3,8.6,4.8,10.3,49.0,51.6,23.9,99.93,9.7,1394
328,Desmond Bane,MEM,24,28,19,9,31.1,115.3,106.6,8.7,19.7,1.89,17.2,1.9,13.0,7.4,9.1,55.0,59.5,25.5,104.25,13.3,1892
328,Duncan Robinson,MIA,28,28,14,14,17.9,110.0,112.1,-2.2,9.9,1.74,14.2,1.4,9.9,5.5,8.2,50.0,52.8,17.2,99.03,5.0,1035
328,Jake LaRavia,MEM,21,28,19,9,13.3,106.8,113.6,-6.8,7.5,1.24,16.7,4.1,10.5,7.3,13.5,53.0,54.6,11.7,102.55,4.6,791
328,Javonte Green,CHI,29,28,11,17,16.0,113.5,106.6,6.9,6.6,1.15,13.9,5.7,11.9,9.0,12.1,64.9,66.7,13.2,102.68,8.8,956
328,Matt Ryan,MIN,25,28,12,16,8.8,109.0,105.1,3.9,5.4,1.67,9.3,1.6,6.8,4.4,5.6,48.9,51.1,16.0,106.85,4.3,554
328,Nathan Knight,MIN,25,28,14,14,7.5,112.9,113.2,-0.3,6.1,0.64,8.9,8.1,11.7,9.9,13.9,66.4,69.1,17.7,106.38,8.7,465
328,Precious Achiuwa,TOR,23,28,14,14,22.0,112.9,114.0,-1.0,6.8,0.82,8.8,8.6,20.8,14.3,10.7,51.1,55.3,19.5,97.95,10.7,1260
336,Admiral Schofield,ORL,25,27,11,16,13.0,106.1,113.2,-7.1,9.8,3.83,17.8,5.0,10.2,7.4,4.7,57.6,61.3,12.9,100.33,6.2,732
336,Anthony Davis,LAL,29,27,12,15,33.2,112.0,109.9,2.1,13.2,1.37,10.6,9.5,24.9,17.3,7.8,59.6,65.4,27.5,103.82,19.9,1937
336,Jalen Suggs,ORL,21,27,10,17,22.7,110.3,113.0,-2.7,23.4,1.85,25.7,4.0,8.0,6.1,13.9,47.2,50.8,20.2,101.37,7.0,1294
336,Justin Holiday,ATL,33,27,11,16,15.0,104.1,111.0,-6.9,8.2,2.00,15.2,0.4,5.1,2.7,7.6,49.6,49.6,13.3,103.74,3.3,877
336,Kai Jones,CHA,22,27,6,21,8.8,111.6,107.7,3.9,2.9,0.56,6.5,8.0,13.2,10.6,11.7,55.1,56.8,12.1,102.78,6.4,508
336,Kawhi Leonard,LAC,31,27,18,9,31.3,117.8,109.7,8.0,20.9,2.47,17.2,4.1,16.1,10.2,7.0,56.4,61.2,26.6,97.03,16.3,1709
342,Bogdan Bogdanovic,ATL,30,26,12,14,30.8,114.8,118.6,-3.8,13.9,2.50,16.7,1.1,9.6,5.5,6.7,53.2,54.8,21.2,100.61,8.5,1686
342,Bruno Fernando,HOU,24,26,8,18,11.5,105.6,116.6,-11.0,12.6,1.67,19.4,11.4,18.2,14.7,11.6,53.4,56.8,14.1,99.73,8.6,624
342,Derrick Rose,NYK,34,26,11,15,12.9,104.8,107.7,-2.9,20.9,2.09,20.2,2.2,8.3,5.3,9.6,45.5,47.4,21.7,103.65,8.0,723
342,James Bouknight,CHA,22,26,5,21,13.6,103.7,106.5,-2.8,11.2,1.47,15.6,1.3,12.0,6.7,10.6,39.3,42.1,17.5,102.80,4.8,757
342,Jeremiah Robinson-Earl,OKC,22,26,10,16,21.1,111.8,115.0,-3.2,6.1,1.56,11.0,8.8,13.8,11.3,7.0,57.2,59.3,14.9,104.43,8.7,1193
342,Kevon Harris,ORL,25,26,9,17,12.6,112.2,109.7,2.6,5.1,0.75,10.5,6.4,8.9,7.6,14.0,49.3,55.2,12.7,101.01,5.1,688
342,R.J. Hampton,ORL,21,26,7,19,13.9,107.9,113.3,-5.4,14.4,1.62,18.5,2.5,8.1,5.3,11.4,51.8,57.2,17.4,100.45,8.7,757
342,Robin Lopez,CLE,34,26,18,8,8.7,109.8,113.4,-3.7,8.1,0.63,13.8,8.5,9.3,8.9,21.8,65.7,67.4,14.5,98.21,5.4,460
342,Simone Fontecchio,UTA,27,26,15,11,8.1,100.6,123.8,-23.2,5.9,0.57,7.5,4.6,8.3,6.3,13.1,51.3,52.8,18.6,104.88,4.1,462
351,Day'Ron Sharpe,BKN,21,25,14,11,9.1,110.3,116.6,-6.3,11.3,1.00,16.0,16.5,21.5,19.0,16.0,54.9,57.3,17.6,104.20,9.3,495
351,Gordon Hayward,CHA,32,25,10,15,31.4,106.1,110.1,-4.0,17.1,1.82,20.1,2.3,11.5,6.7,11.0,49.5,53.8,19.0,104.70,9.4,1713
351,Keon Johnson,POR,20,25,11,14,10.5,101.4,111.4,-10.0,15.1,0.89,14.0,2.5,11.0,6.4,15.8,45.1,46.0,22.8,102.90,4.8,557
351,Markieff Morris,BKN,33,25,15,10,10.9,114.3,106.8,7.5,11.3,1.85,20.0,5.0,14.2,9.9,10.8,53.8,56.9,14.7,105.08,7.3,593
351,Marvin Bagley III,DET,23,25,6,19,21.3,107.4,120.2,-12.8,4.3,0.64,5.4,9.5,19.2,14.1,8.4,56.0,59.2,19.6,100.19,10.9,1113
351,Terry Taylor,IND,23,25,9,16,8.9,111.2,114.0,-2.8,5.5,1.00,10.6,8.3,7.7,8.0,10.6,48.4,49.9,12.7,106.61,4.4,492
351,Theo Pinson,DAL,27,25,12,13,5.3,101.4,112.5,-11.1,15.1,3.25,23.6,2.2,17.7,10.0,7.3,48.5,54.0,13.4,104.34,9.1,285
351,Victor Oladipo,MIA,30,25,16,9,28.5,110.5,111.0,-0.5,20.2,2.11,22.8,1.7,10.7,5.9,10.8,48.0,51.4,19.3,97.87,8.2,1451
351,Willy Hernangomez,NOP,28,25,14,11,12.7,109.5,104.5,5.0,11.6,0.85,11.7,13.1,22.4,17.6,13.7,53.1,60.4,21.7,103.65,13.2,683
360,AJ Green,MIL,23,24,18,6,9.1,104.7,114.7,-10.1,7.9,1.57,10.7,1.7,9.5,5.5,6.8,60.7,61.8,16.9,103.18,7.4,473
360,Charles Bassey,SAS,22,24,5,19,13.6,110.2,112.3,-2.1,11.6,1.04,20.9,13.3,24.4,18.9,20.1,68.6,69.5,13.7,102.73,11.3,697
360,Frank Kaminsky,ATL,29,24,10,14,7.0,112.3,110.1,2.1,17.1,2.50,26.3,1.7,21.3,10.9,10.5,70.2,73.0,14.4,102.30,10.9,359
360,Furkan Korkmaz,PHI,25,24,16,8,10.5,102.8,106.4,-3.6,10.5,1.20,14.5,2.3,8.9,5.7,12.1,48.7,52.3,17.3,102.67,6.8,538
360,LaMelo Ball,CHA,21,24,8,16,34.4,112.9,119.7,-6.7,35.2,2.48,24.9,2.6,13.5,7.8,10.0,49.9,53.4,29.5,103.32,11.5,1772
360,Stanley Johnson,SAS,26,24,5,19,14.5,113.3,121.4,-8.2,20.6,2.11,29.4,4.9,15.6,10.3,13.9,61.5,62.7,16.0,102.96,9.5,738
360,T.J. Warren,BKN,29,24,16,8,19.0,113.3,112.4,0.9,8.9,1.81,12.0,3.1,12.2,7.9,6.6,54.1,56.4,20.0,102.13,8.9,968
360,Ziaire Williams,MEM,21,24,15,9,18.8,107.9,111.2,-3.3,6.6,0.79,10.6,2.1,11.2,6.8,13.5,48.3,50.2,16.7,103.19,4.7,965
368,Gary Harris,ORL,28,23,9,14,23.9,114.8,118.4,-3.6,7.1,1.47,13.8,2.1,6.7,4.4,9.4,64.5,66.5,13.8,100.45,6.3,1144
368,Jaden Hardy,DAL,20,23,11,12,9.9,102.4,115.6,-13.1,10.3,0.93,8.6,0.4,11.1,5.7,9.3,45.5,50.7,25.5,103.10,6.4,494
368,Kennedy Chandler,MEM,20,23,14,9,9.6,97.7,106.0,-8.3,29.7,2.88,34.8,2.4,10.3,6.2,12.1,40.9,41.6,15.5,105.03,8.2,478
368,Noah Vonleh,BOS,27,23,17,6,7.5,111.8,113.2,-1.4,5.1,0.64,16.3,11.0,17.4,14.3,25.6,47.9,50.2,9.0,100.82,2.4,357
368,Orlando Robinson,MIA,22,23,13,10,14.5,108.0,105.7,2.2,8.2,1.38,15.5,9.9,20.9,15.0,11.2,54.1,57.9,12.3,97.39,9.2,677
373,Bryce McGowens,CHA,20,22,6,16,13.8,107.7,114.6,-6.8,9.1,2.33,18.8,2.5,8.9,5.6,8.0,42.6,48.3,12.2,102.12,5.0,649
373,Bryn Forbes,MIN,29,22,8,14,10.7,103.1,112.4,-9.2,8.5,1.56,13.7,1.6,3.6,2.6,8.8,40.5,45.8,15.3,104.05,3.0,510
373,Dalano Banton,TOR,23,22,11,11,10.1,100.4,112.6,-12.2,19.4,2.00,17.2,3.7,10.9,7.0,8.6,48.6,51.6,22.6,102.04,10.1,473
373,Damian Jones,LAL,27,22,6,16,8.0,97.7,108.2,-10.5,3.7,0.44,6.8,9.2,18.3,13.9,15.3,54.1,60.0,12.6,103.71,9.9,384
373,Dean Wade,CLE,26,22,15,7,22.7,111.5,101.6,9.9,5.9,2.10,14.9,2.3,13.9,8.2,7.1,60.3,61.1,10.5,97.63,7.0,1010
373,Ish Smith,DEN,34,22,14,8,8.5,100.3,104.7,-4.4,30.8,1.68,30.3,0.6,8.1,4.5,18.0,43.5,43.7,19.2,99.39,6.8,388
373,Maxi Kleber,DAL,31,22,13,9,25.7,109.5,108.3,1.2,5.4,1.62,14.5,3.4,10.7,7.1,9.0,60.6,62.2,9.6,98.79,6.3,1166
373,Thanasis Antetokounmpo,MIL,30,22,14,8,4.2,94.4,111.4,-17.0,6.5,0.57,12.9,7.9,16.3,12.2,22.6,23.5,28.0,12.2,104.21,1.1,198
381,Delon Wright,WAS,30,21,15,6,21.2,109.5,107.7,1.7,22.9,4.41,35.0,4.4,8.7,6.7,7.9,51.4,56.2,12.9,102.37,11.6,948
381,Goga Bitadze,IND,23,21,8,13,9.6,111.0,106.2,4.7,12.5,1.50,19.4,11.2,12.6,11.8,12.9,55.8,55.1,14.6,102.44,7.0,429
381,Justin Jackson,BOS,27,21,14,7,4.7,80.9,111.9,-31.0,14.5,4.00,22.2,1.9,10.3,6.2,5.6,34.0,34.8,12.4,100.84,4.5,204
381,Karl-Anthony Towns,MIN,27,21,10,11,33.8,111.5,112.4,-0.9,23.5,1.71,21.2,5.0,17.8,11.7,12.4,56.8,62.5,24.4,102.25,13.9,1509
385,Blake Griffin,BOS,33,20,12,8,13.4,118.7,112.0,6.7,10.8,3.67,22.4,5.8,19.4,12.3,6.1,56.6,59.8,12.4,99.77,8.2,551
385,Cam Reddish,NYK,23,20,9,11,21.9,114.3,115.9,-1.6,6.2,1.33,10.8,1.5,5.1,3.3,8.1,51.1,55.8,15.5,101.44,5.9,927
385,Eugene Omoruyi,OKC,25,20,7,13,12.4,112.1,110.2,1.9,6.7,0.79,9.2,7.5,10.7,9.1,11.8,52.9,54.6,18.4,100.28,6.1,514
385,Evan Fournier,NYK,30,20,10,10,18.5,110.0,112.0,-2.0,11.2,1.58,15.8,1.0,9.7,5.3,10.0,45.1,48.1,17.9,100.46,5.3,771
385,Khem Birch,TOR,30,20,9,11,8.1,110.6,107.8,2.8,6.3,0.88,14.3,5.1,11.8,8.3,16.3,60.9,62.9,11.3,98.02,5.0,329
385,Mark Williams,CHA,21,20,8,12,14.0,98.3,106.4,-8.1,3.9,0.40,4.7,9.0,23.0,16.2,11.8,63.6,67.4,18.0,103.02,16.4,600
385,Matthew Dellavedova,SAC,32,20,12,8,5.8,96.9,105.7,-8.8,30.0,4.00,42.1,1.0,4.8,3.1,10.5,48.1,47.6,12.0,108.07,6.3,256
385,Rodney McGruder,DET,31,20,2,18,10.7,112.3,106.4,5.8,8.5,2.00,17.1,4.3,8.5,6.2,8.5,50.9,53.4,12.6,104.87,5.3,465
385,Sandro Mamukelashvili,MIL,23,20,13,7,8.5,101.1,100.3,0.8,12.3,2.33,19.4,6.4,19.0,12.4,8.3,41.3,43.9,13.9,98.66,7.7,357
385,Wendell Moore Jr.,MIN,21,20,11,9,5.6,96.0,111.3,-15.3,12.5,1.43,20.0,1.8,9.5,5.8,14.0,45.2,48.2,14.4,109.20,5.3,250
395,Brandon Boston Jr.,LAC,21,19,7,12,11.5,107.7,112.5,-4.7,13.9,1.73,12.5,2.6,9.7,5.7,7.2,44.0,49.2,23.5,102.39,7.5,465
395,James Wiseman,GSW,21,19,8,11,12.7,101.5,124.3,-22.9,9.7,1.00,10.7,7.5,22.0,14.6,10.7,61.5,63.5,19.6,106.81,10.6,538
395,Lindy Waters III,OKC,25,19,9,10,11.3,123.2,104.4,18.8,8.6,3.00,16.9,3.2,10.6,6.9,5.6,56.0,57.1,14.0,103.85,6.7,466
398,Chuma Okeke,ORL,24,18,5,13,21.8,108.4,117.1,-8.7,9.0,2.89,19.7,5.3,13.1,9.4,6.8,47.1,50.9,11.4,100.73,6.3,821
398,Dalen Terry,CHI,20,18,9,9,3.1,104.9,101.6,3.3,17.9,1.75,24.1,1.9,7.4,5.0,13.8,40.6,45.0,16.4,105.30,5.0,122
398,Jaylin Williams,OKC,20,18,8,10,13.6,109.6,109.4,0.3,12.4,1.64,20.5,5.4,24.3,14.5,12.5,51.4,52.1,15.0,102.13,7.8,520
398,Joe Ingles,MIL,35,18,10,8,22.0,116.9,115.5,1.4,20.1,2.56,33.2,1.7,8.1,4.9,13.0,56.9,58.6,13.1,103.59,6.9,860
398,Jordan McLaughlin,MIN,26,18,10,8,15.9,115.1,100.9,14.2,26.6,4.64,43.6,2.6,6.9,5.0,9.4,48.5,52.2,11.8,109.03,9.8,649
398,Udoka Azubuike,UTA,23,18,11,7,3.9,101.2,106.3,-5.0,10.0,1.25,17.2,12.3,22.1,17.1,13.8,82.4,76.4,12.8,108.17,15.8,161
398,Vit Krejci,ATL,22,18,9,9,6.0,114.9,109.8,5.0,11.6,3.33,25.0,1.8,9.2,5.3,7.5,48.1,48.4,11.8,98.74,4.0,222
405,Brandon Ingram,NOP,25,17,9,8,31.5,119.3,110.9,8.4,22.0,1.52,18.0,1.5,14.8,8.2,11.9,50.0,56.2,28.3,99.54,12.4,1110
405,Gorgui Dieng,SAS,33,17,2,15,9.8,106.0,118.5,-12.5,23.1,1.93,27.8,8.6,21.5,14.3,14.4,50.0,51.1,17.6,101.47,7.8,350
405,Luka Garza,MIN,24,17,11,6,8.0,126.3,118.8,7.5,5.9,1.00,6.9,11.3,12.3,11.8,6.9,54.8,60.8,24.0,105.64,8.5,297
405,Ousmane Dieng,OKC,19,17,7,10,14.5,101.7,104.7,-3.0,12.2,2.44,22.7,2.8,13.5,7.9,9.3,52.3,51.7,12.2,102.99,7.6,530
405,Robert Williams III,BOS,25,17,11,6,23.1,116.3,106.0,10.2,10.1,1.75,21.4,12.6,20.0,16.3,12.2,76.3,76.2,10.7,101.27,13.4,824
405,TyTy Washington Jr.,HOU,21,17,3,14,11.8,98.6,102.7,-4.1,15.6,2.44,21.4,0.4,10.1,5.1,8.7,37.5,38.5,16.2,100.48,4.1,424
411,Boban Marjanovic,HOU,34,16,1,15,4.2,115.0,93.4,21.6,8.9,1.00,10.5,11.9,24.6,18.4,10.5,68.0,72.2,20.6,100.07,21.3,140
411,Garrett Temple,NOP,36,16,10,6,7.6,99.6,107.1,-7.4,11.4,3.00,18.8,1.5,6.9,4.2,6.3,52.9,54.5,12.7,105.92,6.2,266
411,Serge Ibaka,MIL,33,16,11,5,11.6,101.0,107.6,-6.5,3.6,0.36,5.3,7.3,15.3,11.1,14.7,53.7,55.3,15.9,99.18,6.8,383
411,Trent Forrest,ATL,24,16,5,11,13.8,106.5,115.0,-8.5,19.5,3.44,35.2,2.3,10.8,6.4,10.2,48.9,49.7,11.0,100.32,6.6,462
415,Greg Brown III,POR,21,15,10,5,6.0,88.7,93.8,-5.1,1.9,0.17,2.6,2.0,16.8,9.3,15.8,44.2,44.8,17.0,104.15,4.5,195
415,McKinley Wright IV,DAL,24,15,8,7,9.0,102.5,116.0,-13.5,22.2,2.22,35.7,2.9,8.3,5.7,16.1,43.8,47.2,11.7,99.80,5.5,281
415,Nikola Jovic,MIA,19,15,7,8,13.6,105.7,109.2,-3.5,7.6,1.00,10.3,4.3,11.9,7.9,10.3,46.4,53.0,18.5,99.19,7.0,422
415,Patrick Baldwin Jr.,GSW,20,15,5,10,8.5,95.3,120.4,-25.1,4.6,0.43,4.0,0.0,18.9,8.8,9.3,61.3,61.9,23.8,103.10,10.8,275
419,Cameron Johnson,PHX,26,14,11,3,25.9,116.9,104.0,13.0,8.7,3.67,11.8,3.4,11.1,7.5,3.2,59.2,61.7,19.4,100.19,11.2,756
419,David Duke Jr.,BKN,23,14,7,7,9.0,103.4,113.5,-10.1,15.4,0.92,16.9,5.0,7.7,6.4,18.3,44.2,45.1,19.7,100.97,1.6,263
419,Jeff Dowtin Jr.,TOR,25,14,9,5,6.6,111.5,109.8,1.7,16.9,6.00,30.0,4.7,8.2,6.4,5.0,50.0,53.2,12.2,99.79,8.6,192
419,Mamadi Diakite,CLE,26,14,10,4,6.5,97.2,98.9,-1.7,3.6,0.33,6.1,3.7,9.5,6.7,18.2,52.0,52.0,15.8,93.97,3.7,177
419,Moussa Diabate,LAC,21,14,7,7,11.5,110.8,113.8,-3.0,2.7,0.38,5.4,14.1,10.7,12.6,14.3,52.6,55.4,12.6,102.53,6.6,342
424,Jae'Sean Tate,HOU,27,13,2,11,20.7,109.2,113.7,-4.5,20.3,1.82,25.5,6.9,10.4,8.6,14.0,48.8,52.7,17.0,101.93,7.0,574
424,Jamal Cain,MIA,23,13,8,5,13.9,102.1,102.3,-0.2,7.3,2.00,11.9,6.6,13.6,10.2,6.0,54.2,58.1,13.5,102.05,9.8,381
424,Kessler Edwards,BKN,22,13,5,8,5.7,121.1,116.1,5.0,3.0,0.50,6.9,7.6,11.9,9.6,13.8,31.8,32.8,13.8,104.47,2.2,161
424,Leandro Bolmaro,UTA,22,13,8,5,5.0,95.7,97.1,-1.4,13.2,1.00,21.2,4.1,2.8,3.4,21.2,15.8,15.8,16.0,104.17,-5.3,141
424,Nerlens Noel,DET,28,13,2,11,11.4,101.5,117.1,-15.6,6.5,0.88,14.9,4.5,20.1,12.0,17.0,44.6,49.4,11.1,105.40,6.3,324
424,Svi Mykhailiuk,NYK,25,13,8,5,3.1,95.6,77.9,17.7,4.3,0.50,5.9,0.0,14.9,8.3,11.8,75.0,73.9,16.7,106.32,13.5,91
430,Alex Len,SAC,29,12,7,5,3.6,90.6,103.0,-12.4,13.8,1.00,20.0,8.7,21.2,15.3,20.0,50.0,55.3,13.9,114.29,7.1,106
430,Cade Cunningham,DET,21,12,3,9,33.3,111.2,117.3,-6.1,30.6,1.85,20.3,2.7,14.8,8.6,11.0,45.3,49.2,28.7,102.37,10.9,850
430,James Johnson,IND,35,12,5,7,8.1,106.8,101.9,4.9,9.9,1.40,17.1,1.9,16.7,8.3,12.2,42.6,45.2,14.5,102.35,2.2,206
430,Jason Preston,LAC,23,12,3,9,9.8,107.3,110.3,-3.0,34.2,3.00,35.1,1.4,18.5,8.7,11.7,48.8,47.7,16.7,102.05,9.9,247
430,Ryan Rollins,GSW,20,12,5,7,5.2,73.2,111.3,-38.1,21.4,0.38,13.3,4.3,15.3,9.3,35.6,42.5,50.8,26.0,104.78,0.9,138
430,Saben Lee,PHX,23,12,7,5,15.2,104.7,103.1,1.6,30.2,2.50,31.3,3.4,7.6,5.5,12.5,54.2,61.6,16.8,101.75,11.4,387
430,Tyrese Martin,ATL,23,12,7,5,3.6,112.4,107.8,4.6,0.0,0.00,0.0,4.2,10.3,6.9,5.6,40.6,44.4,17.8,98.37,4.1,89
437,Gary Payton II,POR,30,11,6,5,15.9,128.5,117.5,10.9,15.3,2.33,36.2,4.7,13.0,9.2,15.5,73.2,73.2,9.4,98.02,8.1,355
437,Jack White,DEN,25,11,9,2,3.1,62.9,114.3,-51.4,0.0,0.00,0.0,7.3,13.3,9.9,10.0,38.9,38.9,11.5,97.86,2.7,70
437,Khris Middleton,MIL,31,11,8,3,21.2,114.4,113.3,1.1,26.9,2.09,24.3,1.2,10.2,5.7,11.6,43.9,49.0,24.4,104.76,8.0,514
437,Ryan Arcidiacono,NYK,28,11,7,4,2.4,86.7,85.7,1.0,11.8,2.00,25.0,0.0,14.3,7.1,12.5,30.0,30.0,9.2,106.00,3.3,60
441,A.J. Lawson,DAL,22,10,4,6,2.7,87.3,104.8,-17.5,7.1,0.00,7.1,0.0,16.0,7.1,0.0,62.5,60.1,19.4,111.93,9.5,63
441,Jarrett Culver,ATL,23,10,5,5,13.7,108.5,114.1,-5.7,5.5,0.86,9.7,6.5,21.9,13.5,11.3,40.7,45.2,16.4,103.80,6.8,295
441,Johnny Davis,WAS,20,10,4,6,5.0,82.9,110.5,-27.6,6.9,2.00,11.8,1.8,13.6,7.1,5.9,30.8,38.4,12.8,100.10,-1.4,105
441,Tony Bradley,CHI,25,10,4,6,2.6,103.1,100.0,3.1,5.6,1.00,9.1,3.4,33.3,17.9,9.1,62.5,67.6,14.5,115.75,13.8,65
445,Jordan Hall,SAS,21,9,1,8,9.2,94.9,108.0,-13.1,22.0,1.57,22.0,3.3,12.9,7.5,14.0,37.5,43.8,19.7,101.91,5.4,175
445,Kemba Walker,DAL,32,9,5,4,16.0,110.5,112.4,-1.9,21.6,4.75,21.3,2.0,9.0,5.4,4.5,48.2,54.3,21.5,97.40,10.3,294
445,Vernon Carey Jr.,WAS,21,9,6,3,2.6,72.5,100.0,-27.5,18.2,1.00,18.2,9.1,22.7,14.5,18.2,16.7,29.1,14.5,102.86,7.0,51
445,Vince Williams Jr.,MEM,22,9,5,4,5.4,79.0,101.9,-22.8,10.7,3.00,17.6,2.9,12.5,6.4,5.9,26.9,26.9,11.1,105.28,2.3,105
449,Facundo Campazzo,DAL,31,8,2,6,6.5,100.0,89.0,11.0,30.0,3.00,34.6,0.0,4.1,1.9,11.5,34.6,36.0,14.4,99.84,6.8,108
449,Isaiah Mobley,CLE,23,8,5,3,3.3,115.4,66.0,49.3,0.0,0.00,0.0,5.0,27.8,19.6,0.0,56.3,56.3,14.3,96.71,17.3,52
449,Otto Porter Jr.,TOR,29,8,4,4,18.3,109.5,114.6,-5.0,7.8,2.00,17.8,3.8,9.6,6.4,8.9,60.0,65.6,10.4,100.53,9.0,304
449,Ricky Rubio,CLE,32,8,5,3,15.1,103.6,109.2,-5.5,31.6,6.00,32.9,1.6,14.2,7.9,5.5,36.9,39.2,17.8,99.11,7.3,248
453,Blake Wesley,SAS,19,7,2,5,10.2,100.0,128.2,-28.2,15.6,1.00,17.1,2.4,8.7,5.2,17.1,54.3,54.7,18.6,105.09,3.0,158
453,Cody Martin,CHA,27,7,2,5,19.1,107.6,117.3,-9.7,11.1,5.50,21.6,5.6,10.9,8.3,3.9,43.1,44.8,12.1,104.10,5.2,291
453,Jaden Springer,PHI,20,7,7,0,3.7,94.6,122.2,-27.6,8.3,1.00,6.3,16.7,10.7,13.5,6.3,58.3,61.8,24.6,100.70,11.9,56
453,Josh Minott,MIN,20,7,3,4,2.3,127.9,79.1,48.8,11.8,0.00,22.2,16.7,14.3,15.2,0.0,60.0,74.0,15.2,126.07,17.1,43
453,Kenneth Lofton Jr.,MEM,20,7,4,3,4.2,75.0,124.2,-49.2,33.3,2.00,16.0,2.6,12.0,6.3,8.0,41.2,44.3,28.4,106.67,6.0,64
453,Kira Lewis Jr.,NOP,21,7,2,5,10.5,112.6,105.8,6.8,9.8,1.25,11.9,1.3,12.5,7.2,9.5,60.3,66.1,20.0,102.65,12.6,159
453,Trevelin Queen,IND,25,7,2,5,10.0,107.2,98.0,9.2,10.9,0.86,14.0,8.6,13.8,10.8,16.3,27.6,33.7,19.4,104.23,4.6,152
460,Devon Dotson,WAS,23,6,1,5,8.9,101.8,107.5,-5.7,21.1,2.67,38.1,10.7,8.5,9.7,14.3,15.0,15.0,10.2,98.08,1.2,110
460,John Butler Jr.,POR,20,6,1,5,3.1,85.4,76.3,9.1,9.1,0.00,20.0,5.6,5.3,5.4,0.0,25.0,25.0,9.1,102.95,3.0,41
460,Kendall Brown,IND,19,6,1,5,6.7,107.2,99.0,8.2,9.1,1.50,23.1,5.1,8.9,7.1,15.4,57.1,57.1,9.3,117.93,4.0,97
460,Peyton Watson,DEN,20,6,3,3,2.5,45.5,106.3,-60.8,0.0,0.00,0.0,8.3,10.0,8.8,0.0,33.3,33.3,23.1,103.31,3.5,33
460,Scotty Pippen Jr.,LAL,22,6,1,5,5.3,89.4,90.9,-1.5,12.5,1.00,10.0,5.0,5.7,5.3,10.0,37.5,43.9,23.1,100.52,5.1,66
465,Cole Swider,LAL,23,5,1,4,7.4,114.3,116.9,-2.6,11.8,0.00,30.8,2.5,17.6,9.5,0.0,50.0,50.0,9.7,108.15,5.7,84
465,Dru Smith,BKN,25,5,4,1,13.4,101.5,113.0,-11.6,9.8,5.00,25.0,1.4,11.8,6.6,5.0,39.3,39.3,9.7,98.62,3.4,137
465,JD Davison,BOS,20,5,4,1,2.3,72.0,104.2,-32.2,14.3,1.00,14.3,0.0,15.4,8.7,14.3,20.0,20.0,23.1,101.09,2.3,25
465,Keon Ellis,SAC,23,5,3,2,2.2,114.3,59.1,55.2,11.1,0.00,33.3,0.0,15.4,9.1,0.0,75.0,75.0,8.7,91.90,8.2,21
465,Udonis Haslem,MIA,42,5,3,2,7.4,103.8,122.0,-18.1,0.0,0.00,0.0,6.4,10.0,7.8,0.0,10.0,13.8,12.0,104.30,-5.9,78
470,Alize Johnson,SAS,26,4,1,3,7.4,111.1,92.1,19.0,4.2,0.25,8.3,6.3,21.1,14.3,33.3,50.0,50.9,14.5,102.45,7.0,63
470,Dereon Seabron,NOP,22,4,2,2,1.9,125.0,75.0,50.0,0.0,0.00,0.0,16.7,0.0,5.0,0.0,50.0,50.0,22.2,99.10,4.7,16
470,Dominick Barlow,SAS,19,4,0,4,6.4,103.6,110.2,-6.5,21.4,0.00,25.0,6.3,4.2,5.4,0.0,42.9,57.1,14.1,107.01,9.1,55
470,Isaiah Todd,WAS,21,4,2,2,3.1,85.2,100.0,-14.8,0.0,0.00,0.0,0.0,0.0,0.0,0.0,25.0,25.0,13.3,101.09,-2.5,27
470,Jonathan Isaac,ORL,25,4,3,1,9.1,110.1,98.7,11.4,14.3,0.00,12.5,6.1,21.6,12.8,0.0,55.0,52.7,22.1,103.94,17.6,79
470,Joshua Primo,SAS,20,4,3,1,23.3,112.7,111.0,1.7,23.7,1.64,30.5,1.9,11.3,6.4,18.6,40.4,46.7,17.3,106.68,5.3,205
470,Malcolm Hill,CHI,27,4,4,0,0.6,57.1,114.3,-57.1,0.0,0.00,0.0,0.0,25.0,20.0,0.0,0.0,0.0,0.0,148.24,7.7,7
470,Neemias Queta,SAC,23,4,1,3,6.1,75.0,124.6,-49.6,8.3,1.00,9.1,12.5,20.0,15.8,9.1,75.0,67.6,14.9,118.50,9.3,60
470,PJ Dozier,SAC,26,4,4,0,2.6,122.7,91.3,31.4,0.0,0.00,0.0,0.0,15.4,9.5,0.0,83.3,83.3,12.5,105.23,17.8,22
470,Sterling Brown,LAL,27,4,2,2,6.1,106.8,106.3,0.4,7.7,0.00,33.3,9.1,15.2,12.1,0.0,0.0,0.0,6.1,120.18,3.1,59
480,Andre Iguodala,GSW,39,3,1,2,14.1,107.3,88.5,18.8,13.5,1.00,35.7,2.2,12.2,7.4,35.7,87.5,87.5,8.4,108.60,5.3,96
480,Braxton Key,DET,25,3,0,3,3.0,100.0,104.5,-4.5,0.0,0.00,0.0,0.0,6.7,4.2,0.0,100,106.4,9.1,110.77,18.9,20
480,Justin Champagnie,TOR,21,3,2,1,3.6,119.0,122.7,-3.7,12.5,0.00,25.0,10.0,42.9,23.5,0.0,100,100,13.0,94.53,16.8,21
480,Micah Potter,UTA,24,3,2,1,4.8,88.6,85.3,3.3,20.0,0.00,50.0,6.7,10.5,8.8,0.0,100,100,5.3,114.87,15.9,35
480,Ron Harper Jr.,TOR,22,3,2,1,3.1,144.4,111.1,33.3,0.0,0.00,0.0,11.1,10.0,10.5,0.0,80.0,80.0,22.7,92.41,16.1,18
480,Tyler Dorsey,DAL,26,3,2,1,2.8,88.2,81.3,7.0,0.0,0.00,0.0,10.0,10.0,10.0,0.0,90.0,90.0,22.7,96.00,36.5,17
486,Chima Moneke,SAC,27,2,1,1,4.0,72.2,129.4,-57.2,25.0,0.50,16.7,25.0,0.0,14.3,33.3,50.0,34.7,25.0,105.90,-10.5,18
486,Joe Wieskamp,TOR,23,2,1,1,8.5,113.2,111.1,2.0,7.7,1.00,14.3,0.0,0.0,0.0,14.3,90.0,90.0,13.6,104.06,8.6,38
486,Jordan Schakel,WAS,24,2,0,2,3.1,133.3,83.3,50.0,16.7,0.00,33.3,0.0,0.0,0.0,0.0,75.0,75.0,15.4,92.41,11.8,12
486,Julian Champagnie,PHI,21,2,2,0,3.3,127.3,150.0,-22.7,0.0,0.00,0.0,0.0,0.0,0.0,0.0,0.0,0.0,14.3,82.80,-3.1,11
486,Marko Simonovic,CHI,23,2,1,1,1.4,57.1,200.0,-142.9,0.0,0.00,0.0,0.0,0.0,0.0,0.0,0.0,0.0,12.5,118.59,-4.7,7
486,Mfiondu Kabengele,BOS,25,2,1,1,7.0,92.0,96.2,-4.2,0.0,0.00,0.0,21.4,16.7,19.2,33.3,50.0,50.0,9.7,87.43,1.6,25
492,Alondes Williams,BKN,23,1,1,0,5.3,83.3,136.4,-53.0,0.0,0.00,0.0,0.0,25.0,11.1,100.0,0.0,0.0,14.3,104.81,-10.8,12
492,Buddy Boeheim,DET,23,1,0,1,1.0,66.7,0.0,66.7,0.0,0.00,0.0,0.0,0.0,0.0,0.0,0.0,0.0,0.0,150.52,0.0,3
492,Carlik Jones,CHI,25,1,1,0,1.1,133.3,200.0,-66.7,0.0,0.00,0.0,0.0,0.0,0.0,0.0,100,100,25.0,130.91,17.4,3
492,Jared Rhoden,DET,23,1,0,1,12.0,157.7,153.8,3.8,0.0,0.00,0.0,0.0,14.3,6.7,0.0,33.3,33.3,10.3,104.00,-3.0,26
492,Michael Foster Jr.,PHI,20,1,1,0,1.0,0.0,100.0,-100.0,0.0,0.00,0.0,0.0,0.0,0.0,0.0,0.0,0.0,0.0,92.90,0.0,2
492,Trevor Hudgins,HOU,23,1,0,1,3.8,100.0,133.3,-33.3,0.0,0.00,0.0,0.0,0.0,0.0,0.0,150.0,150.0,16.7,76.12,18.8,6
492,Trevor Keels,NYK,19,1,1,0,1.0,0.0,66.7,-66.7,0.0,0.00,0.0,0.0,50.0,25.0,0.0,0.0,0.0,33.3,150.52,0.0,3
