1,"Edwards, Anthony",MIN,53,27,26,47.2,40.7,87.0,46.8,12.7,35.0,36.4,18.8,25.0,75.1,11.4,31.8,43.2,25.5,15.4,7.3,3.7,5.6,18.9,21.7,113.0,-1.6
1,"Nowell, Jaylen",MIN,53,27,26,45.9,39.2,82.7,47.4,11.6,31.9,36.2,20.5,27.2,75.2,11.0,33.0,44.0,23.8,16.4,7.4,4.5,4.3,20.5,21.0,110.5,-0.4
3,"Beasley, Malik",UTA,52,26,26,47.1,43.0,87.1,49.3,11.1,30.3,36.7,19.0,24.4,77.7,10.7,31.6,42.3,23.3,13.5,7.4,4.4,4.7,19.6,20.9,116.1,2.1
3,"Bridges, Mikal",PHX,52,27,25,48.7,41.5,87.9,47.2,11.5,31.4,36.5,19.5,24.7,78.7,10.9,33.3,44.2,24.3,14.1,7.1,3.7,4.9,19.4,20.8,114.0,-1.3
3,"Hield, Buddy",IND,52,24,28,46.7,41.3,87.2,47.3,12.0,32.8,36.7,19.5,23.9,81.5,12.0,33.1,45.1,25.4,14.4,7.6,4.3,5.8,17.9,20.0,114.1,1.3
3,"Lee, Damion",PHX,52,27,25,47.8,38.0,82.1,46.3,10.4,30.1,34.7,20.9,26.7,78.2,8.9,30.7,39.6,22.5,15.4,7.7,4.6,5.4,21.8,22.2,107.3,-4.2
3,"Mann, Terance",LAC,52,28,24,48.8,41.7,89.1,46.8,11.2,32.8,34.0,16.6,21.7,76.5,11.2,32.6,43.7,24.6,13.3,8.4,5.2,4.7,19.7,18.7,111.2,0.7
3,"Mathurin, Bennedict",IND,52,24,28,46.4,39.8,84.9,46.9,11.5,32.1,36.0,20.2,25.4,79.2,12.2,32.0,44.2,25.0,15.6,7.9,5.9,5.8,21.7,21.2,111.4,0.6
3,"Okoro, Isaac",CLE,52,31,21,49.3,40.1,85.7,46.8,11.6,30.8,37.8,17.9,24.0,74.9,9.9,31.8,41.6,23.1,15.3,7.9,4.5,4.6,21.2,20.5,109.8,-0.8
10,"Clarkson, Jordan",UTA,51,26,25,47.8,43.2,89.1,48.5,11.3,31.2,36.1,18.0,23.4,76.8,11.4,30.8,42.3,23.2,12.9,7.8,4.6,4.2,21.0,20.5,115.6,-2.3
10,"Dinwiddie, Spencer",DAL,51,27,24,50.4,42.5,86.9,48.9,11.9,31.9,37.2,18.7,23.7,78.9,9.8,35.3,45.2,25.7,13.9,6.2,4.3,3.9,22.9,20.7,115.6,1.8
10,"Graham, Devonte'",NOP,51,26,25,47.2,39.2,81.6,48.0,12.0,36.3,33.0,17.2,21.6,79.9,8.2,34.1,42.3,24.2,16.5,6.8,5.9,3.6,21.4,20.3,107.6,-1.0
10,"Hartenstein, Isaiah",NYK,51,27,24,48.1,39.7,89.7,44.2,14.1,38.4,36.7,16.7,21.8,76.6,11.9,32.1,44.0,23.9,13.1,5.6,4.9,3.6,19.2,20.4,110.2,-0.5
10,"McDaniels, Jalen",CHA,51,15,36,46.7,40.8,86.8,47.0,13.3,35.5,37.3,18.1,23.1,78.7,10.6,32.7,43.3,25.5,14.5,6.2,4.9,4.7,20.1,19.9,113.0,4.3
10,"Plumlee, Mason",CHA,51,15,36,46.8,43.1,85.1,50.6,12.9,33.5,38.4,19.1,23.5,81.2,9.3,34.4,43.7,26.7,14.5,6.7,5.4,4.0,19.3,20.0,118.1,7.3
10,"Randle, Julius",NYK,51,27,24,48.9,41.0,88.5,46.4,13.4,38.3,35.1,19.6,24.7,79.2,10.8,32.2,43.0,25.7,12.6,5.8,4.3,3.9,22.8,20.6,115.0,-2.2
10,"Valanciunas, Jonas",NOP,51,26,25,47.7,41.4,87.3,47.4,12.6,36.3,34.7,17.6,22.4,78.6,9.6,32.0,41.7,26.4,12.8,7.6,4.9,4.2,19.2,19.8,113.0,1.1
10,"White, Derrick",BOS,51,36,15,47.9,41.3,89.4,46.3,11.0,31.1,35.5,15.3,20.0,76.6,9.6,34.0,43.6,22.0,12.9,6.5,3.5,5.7,19.8,19.0,109.0,-8.0
10,"Zubac, Ivica",LAC,51,27,24,49.2,43.1,90.0,47.9,12.7,34.8,36.5,15.2,20.1,75.5,9.4,32.8,42.2,26.5,11.9,8.5,3.9,4.4,18.2,18.5,114.1,3.8
20,"Alvarado, Jose",NOP,50,26,24,47.2,39.3,83.3,47.2,11.5,34.0,34.0,17.6,22.7,77.7,8.6,30.6,39.2,23.3,16.0,7.3,4.8,4.1,20.2,19.6,107.8,-5.2
20,"Batum, Nicolas",LAC,50,28,22,47.7,39.6,86.3,45.9,10.7,31.5,34.0,17.8,23.2,76.8,10.6,32.0,42.6,21.7,14.1,7.8,3.9,5.0,20.5,20.8,107.6,-5.2
20,"Bullock, Reggie",DAL,50,26,24,49.7,42.0,86.9,48.3,10.6,30.3,34.9,20.6,26.4,78.0,10.0,35.5,45.5,24.2,13.2,6.2,4.0,4.3,22.8,21.5,115.1,1.4
20,"Carter, Jevon",MIL,50,33,17,47.1,39.8,88.2,45.2,10.8,30.8,35.1,16.8,21.6,77.7,10.4,33.0,43.3,22.1,13.1,6.9,4.5,5.8,16.7,18.3,107.3,0.4
20,"Eason, Tari",HOU,50,12,38,46.5,39.5,83.6,47.3,13.6,37.3,36.4,18.2,22.7,80.3,9.6,28.4,38.0,23.8,14.7,9.2,6.5,5.0,22.1,19.5,110.8,3.0
20,"Jones, Tre",SAS,50,14,36,46.8,44.9,87.4,51.4,12.0,30.0,40.0,15.8,20.6,76.5,10.1,32.7,42.7,26.2,14.3,7.4,4.9,3.8,18.7,18.8,117.6,8.5
20,"Jones, Tyus",MEM,50,32,18,46.6,39.8,86.4,46.0,12.8,35.8,35.7,17.8,23.2,76.7,11.0,32.8,43.8,26.3,15.5,6.2,4.5,5.4,18.5,19.9,110.1,-2.8
20,"Looney, Kevon",GSW,50,26,24,46.8,41.7,88.0,47.4,12.3,33.3,37.1,18.2,23.1,78.7,9.6,31.4,40.9,24.7,12.7,6.7,3.8,3.9,16.9,20.0,113.9,-2.6
20,"Martin Jr., Kenyon",HOU,50,12,38,47.1,40.6,86.1,47.1,13.5,38.3,35.4,19.6,25.2,77.6,10.5,29.5,40.0,23.8,13.3,8.6,5.4,4.4,20.9,21.0,114.3,5.1
20,"McDaniels, Jaden",MIN,50,26,24,47.6,40.0,87.3,45.8,13.1,35.3,37.0,18.2,24.4,74.4,11.2,31.2,42.4,25.0,15.3,7.9,3.8,5.8,18.6,22.2,111.2,-2.4
20,"Mobley, Evan",CLE,50,29,21,49.7,39.6,84.9,46.7,13.1,33.5,39.2,16.8,21.8,76.7,9.0,31.2,40.3,24.2,15.5,7.7,4.9,4.6,21.0,18.8,109.2,-3.3
20,"Osman, Cedi",CLE,50,30,20,49.0,39.1,83.9,46.6,11.0,30.1,36.6,18.3,23.2,78.7,10.5,30.6,41.1,21.7,16.3,7.1,4.1,4.2,22.8,19.8,107.5,-7.6
20,"Poole, Jordan",GSW,50,26,24,45.5,39.4,85.5,46.1,12.0,33.7,35.6,19.4,25.5,76.1,10.7,31.7,42.4,23.5,13.9,7.2,4.4,3.7,18.4,22.0,110.3,1.8
20,"Quickley, Immanuel",NYK,50,27,23,48.7,38.4,90.9,42.3,12.0,37.9,31.7,16.7,22.5,73.9,12.8,32.8,45.7,22.6,13.3,5.6,5.0,4.5,20.5,20.7,105.6,-6.6
20,"Russell, D'Angelo",MIN,50,25,25,47.3,41.2,87.8,46.9,13.1,35.1,37.5,17.3,23.1,75.1,11.6,31.5,43.1,25.4,15.1,8.2,3.2,5.3,20.0,21.1,112.9,1.0
20,"Vanderbilt, Jarred",UTA,50,24,26,47.9,44.6,88.8,50.2,11.9,32.2,36.9,18.2,23.2,78.2,11.2,32.0,43.3,24.8,13.3,6.6,4.8,3.3,19.8,21.8,119.2,2.3
20,"Wagner, Franz",ORL,50,19,31,47.9,40.4,86.6,46.7,12.8,37.1,34.4,17.7,22.3,79.5,9.3,31.7,41.0,25.1,14.1,7.5,4.9,4.7,21.0,20.1,111.4,-0.6
20,"Washington, P.J.",CHA,50,15,35,46.6,42.4,86.1,49.3,13.0,34.3,38.0,18.5,23.8,77.6,10.2,35.3,45.6,26.2,14.7,6.5,5.6,4.6,18.7,20.5,116.4,9.3
20,"Williams, Grant",BOS,50,36,14,48.1,41.7,87.9,47.5,11.4,31.3,36.2,15.3,19.7,77.9,8.8,33.4,42.2,22.5,12.6,6.1,3.9,4.7,19.4,18.1,110.1,-5.3
39,"Barnes, Harrison",SAC,49,28,21,47.2,43.7,87.9,49.7,11.0,30.9,35.6,16.5,21.0,78.7,9.3,31.4,40.7,25.4,13.4,6.9,3.9,2.6,21.8,18.8,114.9,-4.2
39,"Barnes, Scottie",TOR,49,21,28,48.5,41.0,83.4,49.2,12.7,33.2,38.3,18.3,22.9,80.1,9.8,33.0,42.8,25.8,16.8,5.8,4.5,5.3,20.4,19.4,113.1,-2.2
39,"Bogdanovic, Bojan",DET,49,13,36,47.3,44.4,88.6,50.2,12.1,32.9,36.7,19.6,24.4,80.4,11.0,32.7,43.7,26.0,12.9,7.3,6.0,3.5,20.8,21.0,120.6,8.3
39,"Brown, Bruce",DEN,49,34,15,48.2,41.5,87.1,47.6,12.0,34.0,35.3,18.7,24.0,77.8,10.4,30.6,41.0,25.5,14.1,7.5,4.5,4.8,20.8,19.7,113.7,-1.4
39,"Craig, Torrey",PHX,49,26,23,48.4,43.1,88.0,48.9,12.0,32.2,37.4,19.4,24.3,79.8,10.8,33.5,44.3,24.7,13.9,7.4,4.0,4.6,18.4,20.5,117.5,7.2
39,"Hauser, Sam",BOS,49,34,15,47.1,40.7,88.7,45.8,11.1,32.0,34.6,16.3,21.0,77.4,11.0,31.8,42.8,21.1,12.3,7.5,4.2,5.7,17.9,18.3,108.7,-4.2
39,"Kessler, Walker",UTA,49,24,25,47.5,40.9,89.7,45.6,12.1,32.7,36.9,16.8,20.9,80.4,10.2,30.2,40.4,23.6,13.0,8.6,4.8,6.5,20.6,17.8,110.6,-3.8
39,"Kuzma, Kyle",WAS,49,24,25,47.5,41.5,90.2,46.0,11.5,32.6,35.4,17.0,21.3,79.8,10.7,32.7,43.4,23.6,12.0,6.9,4.5,5.2,18.9,18.7,111.5,-1.6
39,"Lopez, Brook",MIL,49,32,17,47.0,40.4,90.3,44.7,11.7,33.4,35.1,14.4,18.5,77.6,10.0,32.4,42.4,22.7,11.3,7.7,4.3,6.0,17.5,16.7,106.8,-4.1
39,"McConnell, T.J.",IND,49,22,27,45.8,40.3,84.5,47.7,12.0,32.7,36.8,18.5,24.0,77.2,11.8,30.2,42.1,25.1,16.1,7.6,5.1,5.8,22.1,21.1,111.1,2.9
39,"Okongwu, Onyeka",ATL,49,25,24,47.4,40.9,86.9,47.0,11.2,33.2,33.8,19.9,24.7,80.4,10.8,34.4,45.2,25.0,14.0,7.3,5.1,4.9,18.7,20.0,112.9,2.1
39,"Sharpe, Shaedon",POR,49,23,26,48.0,41.9,86.8,48.3,12.3,33.2,37.0,17.7,23.2,76.5,9.8,30.4,40.2,26.8,13.6,7.8,3.9,4.2,20.9,21.3,113.9,2.9
39,"Strus, Max",MIA,49,26,23,48.7,39.9,84.1,47.4,13.9,36.7,37.9,16.1,20.8,77.4,9.0,34.2,43.1,25.4,16.0,7.2,3.7,2.9,20.1,18.6,109.8,2.2
39,"Vucevic, Nikola",CHI,49,23,26,47.6,41.3,86.1,48.0,13.3,35.7,37.3,16.8,21.7,77.7,8.8,33.9,42.7,26.4,13.8,6.6,4.6,4.3,17.6,18.0,112.8,0.7
39,"Williams, Patrick",CHI,49,23,26,47.6,41.8,87.3,47.9,12.6,35.6,35.5,17.2,22.1,77.6,9.3,34.4,43.7,26.3,13.7,6.8,4.6,4.6,17.2,19.2,113.4,3.4
54,"Avdija, Deni",WAS,48,23,25,47.9,41.9,91.1,46.0,12.2,33.6,36.2,16.8,21.0,80.0,11.1,32.7,43.8,23.0,12.5,6.3,4.3,4.8,20.2,19.0,112.8,0.9
54,"Bey, Saddiq",DET,48,11,37,46.8,43.7,87.2,50.2,11.6,32.1,36.2,19.5,24.7,78.9,11.0,33.1,44.1,24.9,14.0,6.7,6.2,3.2,21.1,21.4,118.6,7.5
54,"Brunson, Jalen",NYK,48,26,22,48.8,41.6,89.1,46.7,13.8,38.1,36.1,18.7,23.9,78.5,11.0,32.3,43.4,26.2,12.2,6.0,4.4,4.3,23.3,20.4,115.8,-1.2
54,"Caldwell-Pope, Kentavious",DEN,48,33,15,47.6,40.9,85.5,47.9,11.3,32.5,34.8,17.3,22.5,77.2,9.3,29.3,38.6,25.5,14.3,7.3,4.1,4.5,21.1,17.9,110.5,-12.0
54,"Eubanks, Drew",POR,48,22,26,48.5,41.4,86.4,48.0,11.8,32.1,36.9,20.6,26.6,77.4,10.9,30.4,41.3,25.8,14.2,7.6,3.7,5.4,22.0,21.1,115.3,-0.3
54,"Gafford, Daniel",WAS,48,22,26,47.6,40.0,91.1,43.9,11.1,33.4,33.2,16.5,21.1,78.2,12.1,32.5,44.6,23.3,12.3,6.5,5.5,6.4,19.5,17.7,107.7,-2.7
54,"Grant, Jerami",POR,48,22,26,48.5,42.6,88.1,48.4,11.9,31.1,38.2,18.7,23.8,78.9,10.2,31.3,41.6,25.9,13.0,7.5,4.6,4.6,21.8,20.4,115.8,-1.2
54,"Green, Jalen",HOU,48,11,37,47.6,42.3,87.9,48.2,14.7,38.9,37.8,19.2,24.6,77.9,10.7,30.5,41.2,26.4,12.7,8.8,5.8,4.5,20.3,20.3,118.5,9.1
54,"Hardaway Jr., Tim",DAL,48,27,21,49.5,41.1,87.2,47.1,11.9,34.3,34.7,19.7,25.4,77.6,9.9,34.7,44.7,24.8,13.0,6.1,3.5,3.8,23.6,20.6,113.8,-3.4
54,"Hayes, Killian",DET,48,12,36,47.7,42.4,85.5,49.6,12.0,33.4,35.9,21.0,26.0,80.5,10.7,33.9,44.7,25.4,14.1,7.6,4.7,3.5,19.0,22.1,117.7,10.0
54,"Ivey, Jaden",DET,48,13,35,47.3,44.4,88.0,50.4,12.5,33.2,37.5,19.6,24.6,79.8,10.9,33.3,44.1,26.1,12.9,7.4,5.9,3.4,21.6,21.6,120.9,12.3
54,"LeVert, Caris",CLE,48,28,20,49.0,39.8,85.2,46.7,11.3,31.5,35.8,17.5,22.9,76.2,9.4,32.2,41.6,22.9,14.8,7.2,4.2,4.6,22.2,19.1,108.4,-3.2
54,"Mitchell, Davion",SAC,48,27,21,48.0,40.7,85.5,47.6,10.0,30.3,32.9,20.4,25.9,78.9,9.4,32.6,42.0,23.5,15.2,6.6,4.3,3.2,21.8,21.4,111.9,-1.8
54,"Monk, Malik",SAC,48,28,20,45.9,40.7,85.1,47.9,10.8,31.1,34.6,19.2,24.2,79.1,10.7,31.6,42.3,23.8,14.3,7.7,4.4,3.6,21.1,20.9,111.4,1.0
54,"Murphy III, Trey",NOP,48,23,25,47.2,41.8,86.4,48.4,12.1,34.6,35.1,18.3,23.1,79.3,9.8,31.3,41.1,24.4,13.9,8.0,4.4,4.1,19.0,20.1,114.0,3.0
54,"Simons, Anfernee",POR,48,23,25,48.4,41.9,87.5,47.9,11.7,32.2,36.3,18.7,24.1,77.3,10.5,31.9,42.4,25.7,13.3,7.5,4.6,4.2,20.2,20.4,114.1,0.4
54,"Tatum, Jayson",BOS,48,34,14,47.8,41.5,89.3,46.4,11.8,33.6,35.1,15.6,20.1,77.8,9.6,33.3,43.0,22.4,12.7,5.9,3.5,5.5,20.2,18.8,110.4,-8.5
54,"Westbrook, Russell",LAL,48,23,25,45.7,42.0,88.9,47.3,12.4,35.4,35.0,18.1,23.2,78.1,10.8,31.7,42.6,24.0,12.3,7.0,5.3,4.6,20.6,18.9,114.6,1.3
72,"Aldama, Santi",MEM,47,29,18,46.3,40.5,86.8,46.7,13.3,35.9,37.1,15.6,20.4,76.7,10.3,31.7,42.0,26.1,14.5,7.3,5.5,4.8,20.9,17.8,110.0,-2.4
72,"Claxton, Nic",BKN,47,28,19,49.1,40.0,90.1,44.4,12.0,32.2,37.2,20.1,26.2,76.8,12.5,32.0,44.4,23.1,14.5,7.4,4.3,8.0,18.5,21.9,112.1,-4.3
72,"Dosunmu, Ayo",CHI,47,23,24,47.1,41.3,87.2,47.4,13.0,35.6,36.5,16.7,22.2,75.2,9.2,34.8,44.0,26.5,13.3,6.8,4.9,4.5,17.1,18.9,112.3,3.8
72,"Griffin, AJ",ATL,47,21,26,46.6,40.4,85.9,47.1,11.6,32.7,35.4,18.8,23.4,80.5,10.2,32.9,43.1,24.7,13.8,7.9,4.6,4.5,17.1,19.2,111.3,0.8
72,"Hart, Josh",POR,47,23,24,48.5,42.0,87.9,47.8,11.4,31.1,36.6,18.5,23.8,78.0,10.5,31.0,41.4,25.9,13.2,7.9,4.7,4.3,21.8,20.1,114.0,-3.4
72,"Jackson, Reggie",LAC,47,25,22,48.9,41.8,89.2,46.9,12.6,34.9,36.1,15.4,20.5,75.1,9.8,32.6,42.4,25.2,12.4,8.4,3.6,4.7,18.6,19.1,111.7,1.6
72,"Johnson, Jalen",ATL,47,23,24,47.1,41.4,87.4,47.4,12.0,32.9,36.6,19.4,24.4,79.3,11.9,33.2,45.1,25.0,14.9,7.1,5.3,4.5,17.9,19.8,114.2,5.7
72,"Markkanen, Lauri",UTA,47,24,23,47.8,42.2,88.5,47.7,10.3,30.6,33.8,18.3,23.5,77.8,10.6,31.8,42.4,22.8,13.5,7.5,4.9,4.3,21.8,20.8,113.0,-5.3
72,"Murray, Keegan",SAC,47,27,20,47.0,42.9,87.4,49.1,11.3,30.7,36.8,16.2,20.5,78.7,9.3,31.8,41.2,25.4,13.6,7.4,4.0,3.2,20.0,18.3,113.3,-3.7
72,"Niang, Georges",PHI,47,31,16,47.2,37.7,83.8,45.1,10.2,32.2,31.9,20.4,26.4,77.4,10.7,32.4,43.1,22.1,15.8,6.4,5.2,4.9,19.2,21.9,106.2,-6.4
72,"O'Neale, Royce",BKN,47,28,19,48.9,40.1,90.5,44.3,12.1,33.4,36.2,19.1,24.5,78.0,12.2,32.5,44.8,23.2,13.7,7.7,3.8,7.8,18.1,21.7,111.3,-2.8
72,"Portis, Bobby",MIL,47,30,17,47.0,40.5,89.0,45.5,11.4,32.5,35.3,17.0,21.2,80.4,11.2,32.0,43.3,22.6,12.0,7.0,3.9,4.8,16.5,17.8,109.5,-1.0
72,"Powell, Dwight",DAL,47,26,21,49.7,41.7,86.9,47.9,11.4,31.9,35.8,18.3,22.6,81.2,9.9,32.3,42.2,25.2,13.8,5.5,3.9,2.9,23.3,19.6,113.1,-5.5
72,"Sabonis, Domantas",SAC,47,27,20,47.7,43.3,87.7,49.4,11.0,30.9,35.7,16.1,20.3,79.4,9.3,31.6,41.0,25.1,14.1,6.9,4.3,2.6,21.7,18.4,113.8,-6.5
72,"Smith Jr., Jabari",HOU,47,11,36,47.9,42.1,89.1,47.3,14.4,39.1,36.7,18.6,24.0,77.7,11.2,32.1,43.3,25.9,12.4,8.8,5.5,4.9,20.0,20.5,117.3,10.5
72,"Smith, Jalen",IND,47,23,24,46.2,41.9,87.9,47.6,12.2,33.8,36.0,19.8,24.2,81.6,12.2,33.6,45.8,26.8,13.1,8.6,5.3,5.4,19.1,19.8,115.7,6.2
72,"Tucker, P.J.",PHI,47,30,17,49.2,42.2,86.3,48.9,11.3,31.4,36.1,17.2,21.7,79.4,8.7,32.9,41.6,25.7,14.6,6.7,5.3,4.0,20.0,18.9,113.0,-2.9
89,"Adebayo, Bam",MIA,46,25,21,49.1,39.2,83.5,47.0,13.2,36.4,36.3,17.1,21.4,79.9,8.3,33.6,41.9,25.0,16.4,6.7,3.7,2.8,20.3,18.8,108.8,-4.1
89,"Allen, Grayson",MIL,46,31,15,46.8,41.2,89.4,46.1,11.7,32.4,36.1,13.5,17.8,75.8,9.8,32.0,41.7,22.8,12.2,7.5,4.4,5.7,18.9,16.9,107.6,-3.6
89,"Bol, Bol",ORL,46,17,29,47.8,42.4,87.9,48.2,13.7,39.2,35.0,16.2,20.7,78.1,9.6,31.8,41.5,26.2,14.2,8.0,5.2,5.6,19.6,19.1,114.7,6.1
89,"Boucher, Chris",TOR,46,21,25,48.8,40.4,82.4,49.1,13.0,34.7,37.5,17.7,22.0,80.2,9.3,32.5,41.8,26.0,16.9,6.2,4.8,4.7,22.5,20.2,111.5,1.7
89,"Brooks, Dillon",MEM,46,29,17,47.3,38.6,86.9,44.4,12.8,35.1,36.5,17.6,22.3,79.2,10.1,31.8,41.8,26.2,14.6,6.8,5.3,5.4,20.5,19.5,107.6,-7.2
89,"DeRozan, DeMar",CHI,46,22,24,47.5,40.4,84.7,47.6,13.0,35.5,36.7,17.9,23.4,76.4,8.7,33.2,42.0,25.6,14.4,6.0,4.6,4.2,18.6,19.3,111.6,-1.4
89,"Doncic, Luka",DAL,46,27,19,49.6,41.4,86.2,48.0,11.2,32.0,35.2,20.7,26.0,79.7,10.1,34.0,44.1,24.4,13.6,6.5,3.2,3.8,23.2,20.8,114.8,-3.7
89,"Dort, Luguentz",OKC,46,22,24,46.5,40.7,86.8,46.9,12.5,34.7,35.9,19.6,24.9,78.8,12.1,33.0,45.1,24.4,15.8,6.7,4.9,4.8,19.1,21.3,113.5,-0.8
89,"Fox, De'Aaron",SAC,46,27,19,46.2,43.4,87.0,49.8,11.9,31.9,37.3,16.8,20.8,80.5,9.1,30.6,39.7,25.6,12.9,7.3,4.1,3.1,20.3,18.8,115.4,-2.6
89,"Garuba, Usman",HOU,46,12,34,46.3,40.0,85.0,47.1,13.2,38.0,34.8,19.0,23.9,79.6,11.4,29.8,41.2,24.7,14.6,8.9,6.4,4.7,19.9,20.6,112.2,11.2
89,"Gilgeous-Alexander, Shai",OKC,46,21,25,46.5,40.4,85.9,47.0,12.5,34.4,36.4,19.8,25.4,78.0,11.8,32.6,44.5,24.5,15.9,6.7,5.0,4.8,19.7,20.8,113.1,-2.1
89,"Holiday, Aaron",ATL,46,24,22,46.3,39.5,83.2,47.5,11.4,31.7,36.0,19.4,23.9,80.9,10.2,34.0,44.2,24.0,16.7,6.6,6.2,4.4,20.0,18.6,109.8,-0.7
89,"Huerter, Kevin",SAC,46,25,21,47.5,43.6,86.8,50.3,11.3,30.6,36.8,15.4,19.5,79.1,8.6,31.0,39.6,25.8,13.3,6.8,4.1,2.7,21.4,18.4,114.0,-6.3
89,"Marshall, Naji",NOP,46,24,22,47.0,40.7,84.4,48.2,12.0,34.7,34.5,17.2,22.4,77.0,8.7,32.3,41.0,24.0,15.3,6.6,5.5,3.9,20.3,19.7,110.6,0.0
89,"Melton, De'Anthony",PHI,46,30,16,48.6,41.6,86.4,48.1,11.9,32.2,36.9,18.0,22.6,79.5,9.3,32.7,42.1,25.0,15.1,7.2,5.0,4.8,19.6,18.8,113.0,-1.6
89,"Morris Sr., Marcus",LAC,46,25,21,49.3,42.4,88.3,48.0,12.8,34.6,37.0,16.3,21.5,75.9,9.1,33.4,42.5,26.3,11.7,7.3,3.4,3.7,18.2,19.2,113.9,1.3
89,"Murray, Dejounte",ATL,46,23,23,47.3,42.2,87.5,48.2,10.9,31.5,34.7,17.8,22.6,78.8,10.5,34.0,44.5,25.0,13.8,7.0,4.9,4.7,19.2,18.3,113.2,0.8
106,"Allen, Jarrett",CLE,45,28,17,49.6,39.4,84.9,46.4,12.2,32.8,37.1,16.9,21.9,77.1,8.8,31.1,39.9,23.2,14.7,7.9,3.7,4.1,21.6,18.5,107.9,-7.1
106,"Anunoby, O.G.",TOR,45,21,24,48.7,40.9,83.4,49.0,12.1,33.1,36.5,18.6,23.1,80.6,9.3,33.5,42.8,26.2,17.2,6.5,4.5,5.5,20.6,20.4,112.5,-1.4
106,"Barrett, RJ",NYK,45,23,22,48.5,41.2,89.7,46.0,13.7,38.4,35.6,20.0,25.6,78.3,11.6,32.4,44.0,25.5,12.0,6.1,4.8,4.4,22.1,21.3,116.2,1.0
106,"Braun, Christian",DEN,45,31,14,48.1,41.4,85.1,48.6,10.5,32.0,32.8,20.4,26.7,76.4,10.4,30.5,40.9,25.0,14.0,8.5,4.9,4.8,18.4,21.2,113.7,6.0
106,"Brissett, Oshae",IND,45,20,25,46.9,40.7,86.0,47.3,12.2,34.5,35.4,16.9,21.7,77.8,12.1,29.3,41.3,26.2,16.6,8.2,5.5,5.5,22.6,21.3,110.4,-0.2
106,"Brown Jr., Troy",LAL,45,20,25,47.0,42.7,89.8,47.5,11.6,34.1,34.0,15.2,20.3,75.1,11.0,33.2,44.2,24.9,11.8,6.6,5.2,4.7,20.4,17.4,112.1,0.6
106,"Brown, Jaylen",BOS,45,31,14,47.6,42.0,89.2,47.1,11.4,32.0,35.5,15.8,20.3,77.9,9.6,34.6,44.2,22.3,12.9,6.1,3.9,5.3,19.7,18.9,111.2,-4.3
106,"Giddey, Josh",OKC,45,19,26,46.4,41.2,86.2,47.7,12.2,33.4,36.6,18.5,23.7,78.0,11.9,33.4,45.3,25.3,16.1,8.4,5.6,5.2,17.8,20.6,113.0,2.2
106,"Gordon, Aaron",DEN,45,32,13,47.8,41.3,86.8,47.6,11.9,33.6,35.6,16.6,21.8,76.1,9.7,29.2,38.9,26.0,14.2,7.6,4.5,4.3,21.0,17.0,111.1,-12.3
106,"Green, Draymond",GSW,45,25,20,45.9,40.2,87.9,45.7,12.5,35.1,35.5,17.2,22.6,76.2,10.8,31.9,42.7,24.4,13.8,6.9,3.8,3.6,18.2,20.3,110.1,-4.7
106,"Harrell, Montrezl",PHI,45,29,16,47.8,40.2,85.8,46.8,11.3,34.0,33.3,20.2,26.5,76.2,10.1,32.5,42.6,24.4,13.9,6.1,4.8,5.2,18.5,21.5,111.9,-0.5
106,"Harris, Tobias",PHI,45,29,16,49.0,40.7,85.9,47.4,11.5,32.4,35.3,18.3,23.0,79.4,9.6,32.3,41.9,24.4,14.9,7.1,5.3,5.1,19.5,20.4,111.2,-5.1
106,"Johnson, Keldon",SAS,45,13,32,47.6,46.5,89.7,51.8,13.0,31.2,41.6,16.1,20.8,77.6,10.7,32.5,43.2,26.9,13.6,7.9,4.8,4.0,18.5,19.3,122.0,10.7
106,"LaVine, Zach",CHI,45,22,23,47.4,41.5,87.0,47.7,13.1,36.2,36.1,16.8,21.6,77.7,9.5,33.9,43.5,25.4,14.3,6.3,5.2,4.4,17.5,18.5,112.8,1.6
106,"McCollum, CJ",NOP,45,23,22,47.9,41.2,87.8,47.0,11.8,35.0,33.5,18.6,23.4,79.3,10.3,31.7,42.0,25.2,13.6,6.9,4.9,4.6,19.7,20.1,112.8,-1.0
106,"McDermott, Doug",SAS,45,14,31,45.6,43.4,86.8,50.0,12.1,31.5,38.3,18.0,23.5,76.5,10.5,32.0,42.4,24.4,11.9,7.8,4.7,4.4,18.6,19.3,116.9,6.7
106,"Milton, Shake",PHI,45,32,13,47.2,39.2,84.1,46.6,10.1,31.3,32.3,20.3,26.7,76.1,10.2,32.2,42.5,22.7,15.4,6.7,5.1,4.5,18.6,22.4,108.7,-3.2
106,"Nembhard, Andrew",IND,45,21,24,46.6,40.7,86.2,47.2,12.9,32.7,39.3,21.7,26.5,81.8,12.4,33.9,46.3,25.3,14.8,7.6,4.8,6.1,18.2,21.7,115.9,5.2
106,"Nesmith, Aaron",IND,45,20,25,46.9,41.4,86.0,48.2,13.3,33.8,39.5,20.3,25.1,81.0,11.0,33.1,44.2,25.6,14.7,6.9,5.3,6.0,19.4,21.2,116.5,3.3
106,"Okogie, Josh",PHX,45,23,22,47.6,37.4,84.4,44.3,10.3,31.3,32.8,19.9,24.6,80.8,10.7,30.2,40.9,22.2,17.3,9.3,5.0,5.6,24.8,20.0,104.9,-4.2
106,"Reid, Naz",MIN,45,21,24,46.2,39.5,83.9,47.0,12.1,33.9,35.9,21.4,28.5,75.1,11.4,34.2,45.7,24.5,16.3,7.8,4.3,5.4,19.1,22.9,112.5,3.6
106,"Sengun, Alperen",HOU,45,9,36,47.5,42.2,87.3,48.3,14.9,38.4,38.9,17.3,22.2,78.2,10.1,30.3,40.4,25.4,12.7,8.7,5.4,4.4,21.4,18.5,116.6,5.5
106,"Thybulle, Matisse",PHI,45,30,15,46.8,37.3,80.4,46.3,9.6,30.4,31.6,20.3,26.6,76.5,9.3,32.1,41.4,21.3,18.3,5.8,4.5,5.2,18.2,22.7,104.5,-6.5
106,"Trent Jr., Gary",TOR,45,20,25,48.0,40.8,83.3,49.0,12.5,32.7,38.3,18.5,23.1,80.3,9.9,34.3,44.2,26.2,17.1,5.7,4.4,6.0,21.0,20.6,112.6,0.7
106,"Williams, Jalen",OKC,45,21,24,46.3,40.1,85.3,47.1,12.2,33.9,35.8,19.6,25.5,76.8,11.9,34.0,45.9,25.0,16.4,7.0,5.3,5.1,18.4,21.0,112.0,2.7
106,"Young, Trae",ATL,45,23,22,46.1,41.6,87.2,47.7,11.0,31.3,35.3,19.2,23.4,82.1,11.4,32.7,44.0,24.8,14.0,7.3,4.2,5.1,20.5,18.2,113.4,-1.5
132,"Banchero, Paolo",ORL,44,17,27,47.7,41.7,86.9,48.1,13.0,36.6,35.6,18.1,23.1,78.0,10.2,32.3,42.5,25.3,14.6,7.6,5.1,4.1,19.8,20.0,114.6,4.7
132,"Clarke, Brandon",MEM,44,26,18,46.0,37.8,86.5,43.8,12.8,36.3,35.3,20.1,26.1,77.0,11.4,32.5,43.9,25.4,15.1,7.1,4.7,5.9,19.7,21.4,108.5,-0.9
132,"Duren, Jalen",DET,44,12,32,47.3,42.5,86.4,49.2,11.4,32.1,35.5,20.0,25.3,79.0,10.9,32.3,43.2,25.1,13.7,7.1,5.7,3.3,21.3,22.5,116.4,6.8
132,"Gobert, Rudy",MIN,44,21,23,47.8,40.3,89.1,45.3,12.7,36.8,34.6,15.9,21.3,74.5,11.7,30.3,42.0,24.7,14.5,8.8,3.6,4.8,20.2,19.6,109.2,0.8
132,"Kornet, Luke",BOS,44,29,15,47.0,39.7,89.2,44.5,9.6,31.4,30.7,17.2,21.5,79.9,10.5,32.0,42.5,21.0,12.0,6.7,3.9,5.6,18.1,17.9,106.2,-3.4
132,"Mann, Tre",OKC,44,20,24,46.5,38.3,83.3,46.0,10.3,30.6,33.8,18.2,23.1,78.9,11.6,34.9,46.4,23.6,16.8,7.4,5.3,5.9,17.9,20.0,105.2,-1.4
132,"Nurkic, Jusuf",POR,44,22,22,48.2,42.5,88.4,48.1,12.0,31.6,38.0,16.8,21.6,77.9,9.6,31.4,41.0,26.5,12.2,7.9,4.6,4.1,21.1,19.9,113.8,-2.0
132,"Sochan, Jeremy",SAS,44,11,33,47.3,46.1,87.9,52.5,13.0,30.9,42.0,15.8,20.7,76.4,9.8,32.0,41.7,28.0,14.3,8.4,4.4,3.9,18.0,18.7,121.1,8.7
140,"Ayton, Deandre",PHX,43,19,24,48.7,42.3,86.3,49.0,11.3,30.6,36.8,19.3,24.4,79.1,10.3,34.2,44.5,24.3,14.4,7.6,4.0,4.0,18.4,20.7,115.2,3.4
140,"Brogdon, Malcolm",BOS,43,30,13,47.6,41.2,85.7,48.0,11.4,31.4,36.2,16.5,21.1,78.3,8.3,31.7,40.0,21.9,13.3,6.9,4.0,5.0,20.5,18.4,110.2,-4.8
140,"Caruso, Alex",CHI,43,19,24,47.5,38.5,82.0,47.0,12.7,35.0,36.4,17.7,22.4,78.7,8.9,31.9,40.9,24.6,17.6,6.6,5.4,5.1,19.7,19.5,107.4,-5.3
140,"Collins, John",ATL,43,22,21,46.8,42.0,88.0,47.8,11.1,32.2,34.4,17.1,21.4,80.0,10.3,33.4,43.8,25.1,13.8,7.2,4.7,4.9,20.7,17.7,112.3,-1.4
140,"Diallo, Hamidou",DET,43,10,33,46.0,38.9,82.6,47.2,11.4,33.0,34.4,20.7,25.8,80.3,10.2,32.3,42.5,23.2,15.9,5.8,5.0,4.2,23.2,21.9,109.9,-0.4
140,"Dragic, Goran",CHI,43,20,23,46.4,40.1,84.2,47.6,11.0,33.0,33.2,18.9,24.5,77.0,10.6,31.0,41.6,24.6,15.1,6.7,5.4,4.6,20.5,21.4,110.0,-2.7
140,"Garland, Darius",CLE,43,22,21,49.4,39.5,84.6,46.7,12.1,33.0,36.6,16.8,21.5,78.3,9.4,31.0,40.4,23.3,15.3,6.8,4.9,4.2,21.6,18.0,107.9,-7.1
140,"Gordon, Eric",HOU,43,11,32,46.7,41.3,86.7,47.6,13.4,36.3,37.0,18.3,22.8,80.0,10.1,31.0,41.1,24.2,12.9,8.7,5.6,5.1,21.6,19.1,114.3,7.4
140,"Harris, Joe",BKN,43,26,17,47.7,39.9,87.9,45.4,11.2,31.5,35.6,19.9,26.1,76.2,11.9,33.9,45.8,22.3,13.7,6.9,3.8,6.3,18.3,22.8,110.9,-1.5
140,"Jokic, Nikola",DEN,43,31,12,47.5,41.5,85.8,48.4,12.3,33.5,36.6,16.1,20.8,77.3,9.1,28.9,38.0,26.4,14.3,7.5,4.1,3.9,21.6,16.5,111.4,-12.6
140,"Konchar, John",MEM,43,27,16,46.6,38.8,87.8,44.2,11.9,34.3,34.6,16.9,22.0,76.8,11.1,29.8,41.0,25.1,14.7,7.2,4.6,6.4,22.2,19.4,106.4,-9.7
140,"Landale, Jock",PHX,43,21,22,47.8,37.6,82.5,45.6,10.6,31.0,34.1,20.5,25.1,82.0,9.0,30.0,38.9,22.1,15.9,8.2,4.4,5.4,20.5,22.0,106.4,-5.9
140,"Lyles, Trey",SAC,43,25,18,46.7,40.7,84.3,48.3,12.2,32.6,37.4,18.6,23.8,78.1,9.3,30.9,40.2,24.0,14.3,7.7,4.4,4.4,21.8,20.4,112.2,-1.8
140,"Mathews, Garrison",HOU,43,11,32,46.9,38.1,86.9,43.9,14.0,40.5,34.6,18.3,23.6,77.9,12.2,32.4,44.6,23.6,15.6,9.0,6.5,5.4,22.7,21.6,108.6,5.6
140,"Morris, Monte",WAS,43,22,21,48.1,43.0,90.5,47.5,11.8,31.3,37.5,16.8,21.3,78.9,10.4,32.5,43.0,24.7,11.2,6.7,4.5,5.0,19.4,18.6,114.5,-3.0
140,"Powell, Norman",LAC,43,23,20,47.6,40.8,87.9,46.4,12.2,34.5,35.4,18.4,24.6,75.0,11.4,32.6,44.0,22.4,12.9,8.2,5.3,5.0,20.2,21.1,112.3,4.3
140,"Roddy, David",MEM,43,28,15,46.2,40.2,88.4,45.4,13.1,36.8,35.6,17.4,22.6,77.0,11.7,31.5,43.3,26.0,14.0,7.1,4.6,5.5,20.4,18.3,110.9,3.0
140,"Turner, Myles",IND,43,21,22,47.1,41.2,87.6,47.1,12.3,32.2,38.1,18.5,23.0,80.4,12.0,33.5,45.5,25.0,14.7,6.7,4.4,6.0,19.0,19.5,113.2,-1.3
140,"VanVleet, Fred",TOR,43,19,24,49.0,40.9,82.6,49.5,12.5,33.3,37.6,19.1,24.2,79.1,9.1,34.6,43.8,25.6,16.3,5.4,4.1,4.9,20.9,20.3,113.5,-1.0
159,"Adams, Steven",MEM,42,28,14,47.3,39.9,88.7,45.0,12.6,34.8,36.2,16.1,20.5,78.3,9.9,29.9,39.9,26.1,13.3,6.8,5.2,5.6,22.9,18.2,108.6,-10.1
159,"Anderson, Kyle",MIN,42,22,20,47.1,39.8,85.2,46.7,12.0,33.1,36.2,18.8,25.1,75.2,11.9,31.7,43.6,23.2,16.8,7.4,3.9,5.2,20.9,21.3,110.5,-3.0
159,"Beverley, Patrick",LAL,42,20,22,47.2,43.2,89.5,48.3,12.5,34.7,36.1,16.2,21.5,75.5,10.7,34.0,44.7,25.3,12.8,7.6,5.4,4.0,20.9,18.3,115.2,4.0
159,"Biyombo, Bismack",PHX,42,24,18,48.8,38.6,89.1,43.3,11.4,31.6,36.1,19.2,25.4,75.6,12.9,32.9,45.8,22.7,15.1,6.7,4.8,7.3,21.2,20.3,107.8,-6.2
159,"Kispert, Corey",WAS,42,20,22,47.4,42.1,90.4,46.5,10.4,30.9,33.6,17.5,21.4,81.6,10.6,33.5,44.0,23.2,11.4,6.7,4.8,4.6,18.6,18.8,112.0,1.1
159,"Koloko, Christian",TOR,42,19,23,47.6,36.2,80.2,45.1,11.6,34.1,34.0,20.7,26.2,78.9,9.9,32.3,42.3,24.0,18.3,6.4,4.7,6.4,21.4,22.7,104.7,-8.2
159,"Lowry, Kyle",MIA,42,21,21,49.2,40.5,84.3,48.1,13.5,36.5,36.8,16.5,21.6,76.5,8.7,35.0,43.7,26.4,16.8,6.2,4.5,3.0,21.0,19.3,110.9,-0.3
159,"Mitchell, Donovan",CLE,42,27,15,49.4,39.2,84.0,46.7,12.4,32.3,38.4,17.1,22.2,76.7,8.2,31.6,39.8,23.0,14.9,7.5,4.1,3.9,20.0,19.3,107.9,-6.1
159,"Morant, Ja",MEM,42,28,14,46.9,39.2,87.6,44.7,12.0,34.1,35.1,18.2,23.2,78.6,10.4,30.7,41.1,25.3,14.0,7.0,5.4,5.6,23.4,19.3,108.5,-7.4
159,"Murray, Jamal",DEN,42,29,13,48.3,42.3,87.1,48.6,11.6,32.7,35.5,16.3,21.4,76.1,9.9,30.4,40.2,25.6,14.0,7.0,4.3,4.4,20.1,17.9,112.5,-6.6
159,"Poeltl, Jakob",SAS,42,11,31,47.5,46.7,88.7,52.7,12.6,29.4,43.0,14.2,18.8,75.5,9.8,32.2,42.0,27.2,14.0,8.6,5.0,4.3,18.7,17.8,120.2,10.0
159,"Porzingis, Kristaps",WAS,42,18,24,48.2,41.9,91.1,46.0,11.6,32.6,35.5,17.8,22.6,78.7,10.3,32.7,42.9,23.7,10.9,7.1,4.5,5.5,19.7,19.6,113.2,-1.9
159,"Ross, Terrence",ORL,42,16,26,48.1,40.8,87.1,46.9,11.6,36.4,31.9,19.4,24.0,80.9,10.0,33.2,43.2,25.1,13.6,7.7,4.2,4.6,20.2,21.5,112.7,2.1
159,"Siakam, Pascal",TOR,42,18,24,48.9,40.8,83.2,49.0,12.8,33.2,38.6,19.1,24.2,79.0,9.0,33.9,42.9,26.0,16.2,5.5,4.1,5.2,21.3,20.8,113.5,-2.7
159,"Sumner, Edmond",BKN,42,27,15,46.5,38.5,84.4,45.7,12.1,31.4,38.5,19.8,26.7,74.2,10.3,30.4,40.8,22.5,15.2,7.4,4.4,6.1,19.4,21.9,109.0,-1.5
159,"Wood, Christian",DAL,42,23,19,49.9,41.5,87.2,47.6,12.4,33.3,37.1,18.9,24.8,76.5,10.1,33.9,44.1,24.7,13.3,6.7,3.8,5.0,24.0,21.5,114.4,-0.8
175,"Gabriel, Wenyen",LAL,41,20,21,46.6,40.9,90.0,45.4,13.8,35.2,39.2,16.9,22.6,74.9,11.5,31.0,42.4,23.8,13.1,6.2,5.2,4.3,21.6,18.3,112.5,1.0
175,"Horton-Tucker, Talen",UTA,41,21,20,45.9,38.6,85.4,45.1,11.6,32.6,35.5,18.4,23.7,77.8,10.0,33.0,42.9,21.2,13.2,6.6,5.5,5.7,20.7,20.2,107.1,-2.4
175,"Hunter, De'Andre",ATL,41,23,18,46.8,41.3,87.4,47.3,11.0,32.1,34.3,18.6,23.1,80.7,10.4,33.6,44.0,24.3,13.6,7.1,5.0,4.7,20.9,18.5,112.3,-1.2
175,"Hyland, Bones",DEN,41,27,14,48.7,43.5,86.9,50.0,13.5,35.7,37.9,18.6,24.5,75.9,10.2,32.5,42.7,27.8,13.2,7.5,4.2,4.0,19.8,20.8,119.1,8.1
175,"Joe, Isaiah",OKC,41,20,21,45.4,35.2,78.7,44.7,10.8,33.2,32.5,22.0,27.5,79.7,12.0,30.7,42.7,21.7,17.1,6.5,3.5,3.6,22.1,20.9,103.1,-16.6
175,"Lamb, Anthony",GSW,41,23,18,46.4,39.9,84.3,47.4,12.6,34.4,36.7,19.6,24.7,79.2,9.3,30.8,40.1,24.6,14.0,8.6,4.2,3.2,17.5,21.0,112.0,2.0
175,"Love, Kevin",CLE,41,24,17,47.9,39.4,82.8,47.5,11.2,31.5,35.4,17.8,22.8,77.7,9.2,31.7,40.9,22.1,15.2,7.5,4.0,3.6,23.6,19.0,107.7,-4.8
175,"Martin, Caleb",MIA,41,22,19,48.6,39.8,83.6,47.6,12.2,35.5,34.3,15.3,19.4,78.6,8.4,33.9,42.3,25.1,17.5,7.1,4.2,3.1,19.6,18.2,107.1,-2.2
175,"Nance Jr., Larry",NOP,41,20,21,47.4,38.8,82.1,47.3,11.8,34.6,34.1,17.3,22.1,78.3,8.8,31.4,40.2,22.5,18.0,6.5,4.5,4.1,20.2,20.6,106.8,-5.2
175,"Rivers, Austin",MIN,41,21,20,47.1,42.2,85.7,49.2,12.6,33.2,37.9,19.7,25.9,76.2,11.5,31.9,43.5,24.2,16.1,8.1,4.7,4.3,18.9,21.0,116.7,6.8
175,"Rozier, Terry",CHA,41,12,29,47.0,42.1,85.3,49.3,12.0,32.9,36.5,19.1,23.6,80.8,9.7,34.5,44.1,25.5,14.3,6.2,5.7,4.5,18.9,20.1,115.2,5.1
175,"Smart, Marcus",BOS,41,30,11,47.6,41.8,88.9,47.0,11.8,32.7,36.0,16.2,20.6,78.6,9.4,34.2,43.6,23.0,13.1,5.8,3.8,4.9,19.7,19.0,111.7,-6.3
175,"Stewart, Isaiah",DET,41,10,31,47.3,42.9,87.8,48.9,12.7,34.5,36.8,18.2,22.8,80.0,10.6,32.9,43.5,24.5,12.6,7.0,5.4,3.0,20.7,20.2,116.7,6.5
175,"White, Coby",CHI,41,20,21,46.7,40.2,85.6,47.0,13.1,36.9,35.5,19.3,24.2,79.4,10.4,33.3,43.7,25.9,14.3,5.8,3.9,3.9,19.3,20.0,112.8,-0.5
175,"Williams, Kenrich",OKC,41,21,20,47.6,38.6,83.3,46.4,10.4,32.8,31.8,22.9,28.9,79.2,11.0,33.0,44.0,23.2,16.9,6.9,5.0,4.5,19.9,23.7,110.6,-2.1
175,"Young, Thaddeus",TOR,41,16,25,48.4,41.5,81.7,50.7,13.3,36.5,36.3,18.9,23.5,80.6,9.4,32.9,42.3,27.2,17.0,6.8,4.3,4.3,20.2,20.5,115.1,4.8
191,"Collins, Zach",SAS,40,13,27,46.2,43.1,88.2,48.8,11.4,31.3,36.5,20.4,26.1,77.9,11.8,31.7,43.5,23.8,12.1,8.2,5.2,3.4,18.1,21.6,117.9,10.4
191,"Conley, Mike",UTA,40,21,19,48.0,43.9,87.6,50.1,11.3,31.1,36.4,17.4,21.9,79.5,9.9,31.6,41.5,23.5,13.8,7.0,4.9,3.6,20.4,20.1,116.5,-1.8
191,"DiVincenzo, Donte",GSW,40,24,16,45.8,39.4,84.1,46.8,11.6,33.8,34.4,19.0,24.4,77.9,9.5,30.8,40.3,23.5,14.6,6.9,4.7,3.5,18.9,21.1,109.4,-3.2
191,"Grimes, Quentin",NYK,40,21,19,49.2,40.4,87.6,46.1,13.4,37.7,35.5,19.1,24.3,78.5,9.8,32.4,42.3,25.1,12.6,5.6,4.7,4.0,21.9,19.1,113.3,-4.2
191,"Haliburton, Tyrese",IND,40,22,18,46.9,41.0,87.1,47.0,11.7,32.3,36.2,20.8,25.0,83.3,12.4,33.6,46.0,24.5,14.5,7.1,4.5,5.7,18.1,20.4,114.5,0.0
191,"Horford, Al",BOS,40,28,12,47.8,42.6,90.4,47.1,11.5,32.5,35.4,15.1,19.5,77.7,9.5,34.4,43.8,23.1,12.0,6.3,3.4,5.5,19.2,18.9,111.8,-5.7
191,"James, LeBron",LAL,40,19,21,46.5,41.8,87.6,47.8,11.9,34.3,34.7,16.7,22.0,75.9,9.7,32.1,41.8,24.6,12.6,7.1,5.4,4.3,20.4,17.8,112.3,-2.9
191,"Knox II, Kevin",DET,40,8,32,46.3,39.9,83.4,47.9,11.6,32.6,35.6,20.5,26.7,76.8,10.3,33.4,43.6,22.7,15.2,7.0,5.5,3.7,22.3,23.2,111.9,7.2
191,"Nnaji, Zeke",DEN,40,26,14,49.1,39.0,85.1,45.8,8.9,30.8,28.8,21.1,28.2,74.8,11.0,32.8,43.8,22.4,14.4,6.8,5.0,5.0,17.7,24.2,107.9,5.1
191,"Olynyk, Kelly",UTA,40,19,21,47.9,43.6,89.4,48.8,11.1,31.1,35.8,17.9,22.6,79.1,11.6,30.7,42.3,23.5,13.9,8.2,4.8,4.2,21.9,20.6,116.2,0.4
191,"Porter Jr., Kevin",HOU,40,10,30,47.9,41.9,87.8,47.8,14.6,39.5,37.0,19.7,25.0,78.9,10.8,31.3,42.1,25.9,13.0,8.6,5.7,4.5,21.0,21.1,118.2,9.1
191,"Richards, Nick",CHA,40,10,30,47.1,39.3,86.9,45.2,12.2,34.5,35.5,18.9,25.2,75.1,12.1,31.6,43.7,24.6,14.1,5.8,7.2,5.8,21.1,20.7,109.7,2.9
203,"Antetokounmpo, Giannis",MIL,39,27,12,46.3,39.7,88.8,44.7,10.7,31.8,33.6,17.0,21.4,79.4,10.2,31.8,42.0,21.9,11.6,6.7,3.9,4.8,21.5,18.9,107.1,-5.3
203,"Bamba, Mo",ORL,39,17,22,48.9,39.6,89.3,44.4,13.0,40.1,32.3,21.5,27.2,79.0,11.2,31.3,42.4,24.3,11.7,7.7,4.2,6.1,17.5,21.6,113.7,-1.1
203,"Burks, Alec",DET,39,10,29,46.0,40.5,83.6,48.5,10.5,31.4,33.3,21.7,27.9,77.9,10.3,32.1,42.4,22.1,13.4,6.2,4.5,3.7,22.3,22.4,113.2,0.1
203,"Daniels, Dyson",NOP,39,21,18,46.4,39.8,85.5,46.6,12.6,36.4,34.6,16.2,21.7,74.7,9.2,31.6,40.8,24.1,14.9,7.5,4.2,4.1,18.4,19.0,108.5,0.5
203,"Durant, Kevin",BKN,39,26,13,48.3,39.7,88.5,44.9,11.8,32.9,35.9,19.2,24.9,77.4,11.2,31.8,43.0,22.1,13.8,7.8,3.6,7.4,18.5,20.7,110.5,-6.5
203,"Hernangomez, Juancho",TOR,39,18,21,48.2,42.0,84.2,49.9,12.9,36.3,35.4,16.6,21.6,77.0,8.6,31.2,39.8,26.4,14.7,7.1,4.4,4.3,20.6,18.7,113.6,-0.5
203,"Herro, Tyler",MIA,39,21,18,48.9,39.7,82.1,48.4,12.9,34.8,37.2,17.2,22.2,77.4,8.6,33.7,42.3,25.3,17.1,6.7,4.1,2.8,18.9,19.3,109.5,-3.4
203,"Holiday, Jrue",MIL,39,27,12,47.0,40.7,89.3,45.5,12.0,33.8,35.4,14.2,18.5,76.9,10.5,32.0,42.5,23.1,12.5,7.7,3.8,5.5,17.7,16.7,107.5,-8.4
203,"Irving, Kyrie",BKN,39,24,15,48.7,40.0,89.1,44.9,11.6,32.3,36.1,19.4,25.2,76.8,12.3,32.3,44.6,22.2,14.0,7.3,3.4,7.5,17.3,22.3,111.1,-5.3
203,"Jackson, Isaiah",IND,39,16,23,45.8,40.5,85.0,47.6,12.5,34.4,36.2,18.2,23.4,77.8,11.4,29.6,41.1,25.8,16.2,8.9,5.8,6.3,20.7,21.0,111.6,3.8
203,"McBride, Miles",NYK,39,21,18,48.9,37.0,85.5,43.3,12.8,37.6,34.1,17.9,23.8,75.3,10.6,33.4,44.0,20.5,14.7,4.4,4.3,3.3,19.3,21.0,104.7,-4.7
203,"Moody, Moses",GSW,39,20,19,46.0,40.7,85.0,47.9,13.2,35.1,37.5,18.3,23.9,76.6,9.2,32.2,41.3,25.8,14.4,8.4,3.8,3.2,17.9,19.2,112.8,7.4
203,"Nunn, Kendrick",LAL,39,18,21,45.1,39.3,88.4,44.4,11.8,33.6,35.0,18.7,24.5,76.3,12.5,32.9,45.3,24.0,11.6,7.7,5.7,4.3,18.3,17.0,109.1,1.8
203,"Sexton, Collin",UTA,39,21,18,47.3,43.3,89.1,48.6,11.2,31.0,36.1,19.2,25.3,76.0,11.7,31.1,42.7,23.8,13.5,7.6,5.2,4.5,21.4,20.6,117.0,-0.5
203,"Thompson, Klay",GSW,39,21,18,45.6,40.3,86.6,46.5,12.1,33.8,35.7,19.6,25.2,77.6,10.6,32.3,42.9,23.5,13.8,6.8,3.9,3.8,16.9,20.8,112.2,-3.7
218,"Barton, Will",WAS,38,17,21,47.5,41.7,86.9,48.0,11.5,30.1,38.1,18.9,24.2,78.0,10.2,33.5,43.8,24.5,13.2,6.3,5.5,6.0,17.9,20.3,113.8,7.5
218,"Coffey, Amir",LAC,38,20,18,47.4,40.4,87.6,46.2,11.8,34.2,34.5,19.0,25.1,75.8,11.5,32.6,44.1,25.3,12.6,8.0,6.0,5.6,20.0,20.0,111.7,6.7
218,"Finney-Smith, Dorian",DAL,38,18,20,50.2,41.7,85.4,48.7,11.7,30.8,37.9,19.9,24.8,80.4,9.8,34.7,44.5,24.9,14.6,6.5,4.7,3.5,22.7,20.4,114.9,-0.5
218,"Jones Jr., Derrick",CHI,38,15,23,47.1,40.8,87.8,46.5,11.4,34.6,33.0,17.3,22.0,78.5,11.5,32.8,44.3,25.1,15.4,6.1,5.6,4.9,21.8,20.0,110.4,-2.3
218,"Kuminga, Jonathan",GSW,38,22,16,46.2,39.5,83.6,47.2,11.9,33.0,36.2,20.9,27.6,75.8,10.1,31.2,41.3,23.3,15.5,8.1,4.3,3.6,18.7,22.3,111.7,4.7
218,"Lillard, Damian",POR,38,19,19,48.2,42.6,87.9,48.4,11.4,31.3,36.5,18.9,24.5,77.2,10.3,30.1,40.4,26.0,12.9,7.9,4.0,4.3,22.9,20.5,115.5,-4.6
218,"Muscala, Mike",OKC,38,17,21,45.0,37.0,82.8,44.7,11.1,32.4,34.2,19.4,24.2,80.3,11.6,31.3,42.8,22.7,15.8,5.8,4.3,5.0,21.9,19.5,104.5,-12.0
218,"Richardson, Josh",SAS,38,11,27,46.2,43.3,86.6,50.0,12.1,31.3,38.7,17.7,23.1,76.6,11.1,30.5,41.6,23.4,14.0,8.3,4.1,3.3,17.9,19.1,116.4,6.0
218,"Robinson, Mitchell",NYK,38,21,17,49.9,40.3,89.3,45.1,12.1,37.7,32.0,18.6,24.1,77.3,10.6,33.2,43.8,24.6,13.0,5.6,4.8,5.2,21.9,20.4,111.2,-6.7
218,"Sims, Jericho",NYK,38,21,17,48.6,41.2,87.5,47.1,13.9,37.2,37.3,18.9,24.0,78.9,10.8,31.6,42.3,24.6,12.8,7.7,4.6,4.0,20.7,20.1,115.2,5.3
218,"Thor, JT",CHA,38,10,28,47.0,38.4,85.0,45.1,11.9,35.0,34.1,18.6,23.9,78.0,9.5,32.0,41.5,24.8,13.5,6.7,6.4,4.8,21.1,19.0,107.4,4.7
218,"Wiggins, Aaron",OKC,38,20,18,47.1,40.1,85.8,46.7,12.5,34.0,36.7,18.8,24.4,77.0,11.4,33.1,44.5,23.6,15.6,8.0,5.8,4.6,18.1,21.0,111.4,-0.6
230,"Bates-Diop, Keita",SAS,37,10,27,47.0,44.8,87.5,51.2,12.7,31.9,39.7,15.6,19.7,79.2,9.2,34.9,44.1,27.2,14.3,7.6,4.4,3.3,19.0,18.3,117.9,12.8
230,"Branham, Malaki",SAS,37,8,29,46.1,44.4,87.4,50.9,12.8,31.5,40.5,18.8,25.5,73.7,11.4,31.3,42.7,24.1,12.4,8.4,4.7,3.6,17.1,19.7,120.4,12.9
230,"Bryant, Thomas",LAL,37,19,18,46.8,45.3,91.5,49.5,11.7,33.8,34.6,14.1,19.4,72.6,11.5,33.0,44.4,25.2,11.6,7.4,5.5,3.6,19.1,16.8,116.3,1.6
230,"Curry, Seth",BKN,37,25,12,47.8,39.6,86.8,45.6,11.7,31.5,37.2,20.0,26.1,76.4,10.9,34.4,45.3,23.3,13.1,6.9,3.8,6.2,17.1,22.9,110.8,-1.3
230,"Embiid, Joel",PHI,37,24,13,48.6,40.0,86.1,46.4,11.3,32.6,34.5,16.9,21.4,79.0,9.6,31.9,41.5,23.4,15.3,7.0,5.0,4.6,21.1,19.3,108.2,-8.7
230,"Gay, Rudy",UTA,37,20,17,47.0,38.6,86.8,44.5,10.7,33.2,32.1,16.9,22.1,76.3,11.1,31.8,42.9,22.8,14.9,5.9,4.0,6.1,19.3,18.9,104.8,-10.4
230,"Nix, Daishen",HOU,37,10,27,47.1,40.2,83.8,48.0,13.2,36.6,36.0,16.1,20.6,78.4,9.7,28.0,37.7,25.0,16.1,9.7,6.3,4.4,20.8,18.8,109.8,2.9
230,"Nwora, Jordan",MIL,37,25,12,46.8,41.9,86.9,48.2,10.8,30.0,35.9,17.2,22.3,77.0,10.4,32.2,42.6,21.8,12.7,7.1,4.8,4.5,16.8,18.3,111.8,7.4
230,"Reed, Paul",PHI,37,22,15,47.5,39.2,81.1,48.4,11.7,31.8,36.7,21.5,27.9,76.8,8.9,31.8,40.7,23.8,17.5,7.5,4.8,5.7,16.3,24.2,111.5,7.5
230,"Schroder, Dennis",LAL,37,19,18,47.1,44.0,91.3,48.1,11.9,34.9,34.1,15.5,20.6,75.1,10.7,33.0,43.8,24.9,12.0,7.3,5.5,3.9,20.7,17.5,115.3,0.5
230,"Simmons, Ben",BKN,37,22,15,47.9,40.5,90.7,44.6,12.5,33.9,36.8,18.5,23.3,79.1,12.5,32.6,45.1,24.1,13.9,8.1,3.3,7.6,17.0,22.1,111.9,-2.6
230,"Vincent, Gabe",MIA,37,21,16,48.6,38.6,83.9,46.0,13.1,36.7,35.7,18.1,22.6,80.1,9.1,33.1,42.2,22.8,16.4,7.2,3.5,3.0,19.9,19.5,108.4,-0.8
230,"Watanabe, Yuta",BKN,37,21,16,47.2,39.7,85.6,46.3,12.0,33.4,35.8,21.4,26.8,79.9,10.8,32.4,43.2,23.0,13.4,6.6,3.2,5.0,20.0,21.5,112.7,-1.5
243,"Butler, Jimmy",MIA,36,20,16,49.4,41.1,83.8,49.0,13.6,35.1,38.6,16.7,21.7,77.2,9.1,33.5,42.6,25.1,17.6,6.6,4.1,3.0,21.7,19.0,112.4,-1.7
243,"Cancar, Vlatko",DEN,36,24,12,48.6,39.5,82.4,47.9,10.8,31.9,33.7,21.4,28.0,76.2,9.3,30.8,40.1,23.5,13.8,7.3,4.5,5.1,18.4,22.9,111.1,3.8
243,"Davis, Terence",SAC,36,20,16,45.9,39.1,83.3,46.9,10.8,29.3,36.9,21.7,27.7,78.5,8.6,32.2,40.9,21.0,14.5,6.6,4.7,3.3,16.9,21.4,110.7,-5.4
243,"Drummond, Andre",CHI,36,16,20,47.3,39.4,84.0,46.9,12.5,36.0,34.7,19.6,25.4,77.0,10.0,31.8,41.7,24.5,16.5,6.4,5.4,4.5,20.5,23.0,110.9,1.3
243,"George, Paul",LAC,36,22,14,49.2,41.1,87.5,47.0,12.5,33.5,37.3,17.1,22.7,75.4,9.4,31.5,41.0,25.2,13.1,7.9,3.1,4.2,18.9,20.0,111.7,-5.6
243,"Gill, Anthony",WAS,36,14,22,47.5,40.5,84.2,48.2,12.1,32.3,37.3,18.9,23.8,79.7,8.6,30.6,39.2,22.8,13.2,5.8,4.8,5.2,22.1,19.5,112.1,1.1
243,"Goodwin, Jordan",WAS,36,13,23,47.3,40.0,87.5,45.7,11.5,33.1,34.9,18.6,22.9,81.3,10.4,33.1,43.5,22.6,13.5,6.7,4.5,5.7,20.8,19.8,110.1,3.7
243,"Highsmith, Haywood",MIA,36,20,16,48.6,39.1,87.0,45.0,14.2,39.1,36.4,14.4,19.6,73.5,9.5,35.2,44.8,26.9,15.7,6.6,3.8,3.4,18.4,17.9,106.9,4.0
243,"Joseph, Cory",DET,36,9,27,47.1,42.1,86.2,48.9,11.3,31.8,35.5,18.3,23.4,78.2,10.8,32.9,43.7,24.8,14.1,6.4,5.9,3.7,21.3,21.8,113.9,1.8
243,"Maledon, Theo",CHA,36,10,26,46.3,41.4,85.5,48.5,12.5,34.7,36.0,19.7,24.4,80.7,11.3,30.8,42.2,25.4,14.7,5.7,5.5,4.6,21.9,19.7,115.1,9.2
243,"Metu, Chimezie",SAC,36,21,15,44.9,40.3,85.3,47.3,11.4,32.0,35.7,18.3,23.5,77.8,8.7,31.6,40.2,23.0,13.4,6.6,4.4,3.5,17.6,20.9,110.4,-0.5
243,"Reaves, Austin",LAL,36,17,19,46.0,41.6,89.9,46.3,11.4,34.5,33.1,15.7,20.4,77.0,10.8,30.7,41.5,24.2,12.0,7.3,4.3,4.9,22.6,17.9,110.2,-3.1
243,"Stevens, Lamar",CLE,36,21,15,49.7,41.1,87.2,47.1,12.8,34.7,36.8,17.4,22.2,78.5,9.7,31.9,41.6,23.7,14.9,7.3,3.4,4.1,19.0,17.8,112.3,-0.2
243,"Toppin, Obi",NYK,36,17,19,47.2,39.5,91.2,43.3,13.4,38.2,35.1,15.1,21.6,69.8,12.6,34.2,46.9,24.2,13.2,6.5,5.3,4.4,17.7,19.8,107.5,0.5
257,"Alexander-Walker, Nickeil",UTA,35,18,17,47.2,40.3,85.9,46.9,10.9,30.5,35.8,20.2,25.5,79.2,10.6,31.7,42.2,23.7,14.1,7.7,3.9,6.6,18.8,21.4,111.7,2.0
257,"Capela, Clint",ATL,35,19,16,46.6,42.4,88.1,48.2,11.5,31.2,37.0,17.1,20.9,81.9,10.6,30.8,41.5,24.8,13.9,6.9,4.5,4.8,19.5,17.0,113.5,-0.7
257,"Curry, Stephen",GSW,35,19,16,45.4,40.1,85.4,46.9,11.6,32.4,35.8,19.7,25.1,78.5,10.2,31.7,41.9,23.6,14.7,7.5,3.6,3.9,17.1,20.7,111.5,-6.4
257,"Flynn, Malachi",TOR,35,16,19,48.6,41.5,82.2,50.5,12.8,33.9,37.7,18.6,23.6,79.2,9.7,34.2,44.0,26.1,16.4,5.2,4.5,3.5,21.3,21.1,114.4,4.5
257,"Jones, Herbert",NOP,35,15,20,47.8,40.5,85.6,47.3,12.2,34.4,35.4,20.2,25.5,79.3,10.8,31.1,41.9,24.6,15.2,7.3,4.7,5.0,20.8,21.5,113.4,-1.6
257,"Okpala, KZ",SAC,35,19,16,45.7,39.2,87.1,45.0,10.3,31.9,32.4,19.7,24.1,81.7,10.3,31.7,42.0,22.1,15.1,7.6,3.9,4.1,19.5,21.9,108.5,2.0
257,"Oubre Jr., Kelly",CHA,35,10,25,47.3,43.3,85.9,50.4,12.5,32.8,38.2,20.0,25.4,78.6,10.0,34.9,44.9,26.4,14.9,5.6,6.5,4.1,20.2,22.2,119.1,9.8
257,"Pritchard, Payton",BOS,35,25,10,49.0,40.2,88.7,45.3,9.9,29.1,34.1,15.4,19.5,78.9,10.0,34.4,44.4,21.7,12.2,6.7,3.6,5.8,15.2,18.2,105.7,-0.4
257,"Roby, Isaiah",SAS,35,9,26,46.3,41.6,81.6,51.0,12.6,31.6,39.9,16.5,21.1,78.1,7.5,34.5,42.0,24.4,15.5,6.6,3.6,3.8,19.9,17.8,112.4,8.6
266,"Beauchamp, MarJon",MIL,34,21,13,46.5,41.1,87.6,46.9,11.1,32.1,34.7,15.6,20.8,75.2,11.1,32.4,43.5,22.3,13.4,7.1,4.0,3.2,16.5,18.1,108.9,3.2
266,"Brown, Moses",LAC,34,16,18,46.9,38.1,85.2,44.7,12.4,35.2,35.2,19.1,23.6,80.7,10.6,31.9,42.5,23.1,13.2,7.2,7.5,3.9,23.0,17.3,107.7,-5.4
266,"Connaughton, Pat",MIL,34,21,13,46.8,41.4,90.6,45.7,10.6,31.7,33.5,15.7,20.1,78.1,11.5,31.7,43.2,22.9,11.5,7.6,3.6,4.3,18.8,16.6,109.2,-3.4
266,"Hill, George",MIL,34,23,11,47.1,38.8,87.8,44.2,10.9,33.2,32.8,17.2,21.5,79.9,10.3,33.0,43.4,19.6,11.0,5.8,4.2,4.5,21.7,18.2,105.7,-0.8
266,"House Jr., Danuel",PHI,34,21,13,47.9,40.9,87.9,46.6,12.4,36.2,34.1,18.7,25.0,74.7,11.9,31.8,43.7,23.9,15.0,7.4,4.7,5.4,20.4,21.2,112.9,3.0
266,"Jackson Jr., Jaren",MEM,34,22,12,46.0,36.1,86.4,41.8,12.0,34.2,35.1,19.2,23.7,81.1,10.3,30.2,40.5,24.8,14.6,6.7,5.4,7.8,20.6,20.8,103.4,-12.0
266,"Wainright, Ish",PHX,34,17,17,47.7,37.1,84.1,44.0,9.6,31.4,30.7,22.5,29.2,77.0,10.1,30.9,41.1,20.8,14.3,8.4,3.8,4.4,21.1,22.9,106.2,-6.9
266,"Walker IV, Lonnie",LAL,34,13,21,46.2,43.8,90.9,48.2,12.5,34.8,35.9,15.7,20.8,75.4,10.9,33.6,44.5,25.8,11.8,8.7,4.5,4.6,18.8,17.6,115.9,6.6
266,"Wall, John",LAC,34,15,19,46.8,40.4,87.7,46.0,12.0,34.5,34.6,18.8,24.5,77.0,11.3,33.8,45.1,23.9,13.4,8.4,5.4,4.5,19.5,21.1,111.6,6.6
266,"Watford, Trendon",POR,34,17,17,48.4,41.3,86.4,47.9,11.5,35.1,32.7,18.7,25.1,74.3,11.5,30.1,41.6,23.7,14.4,7.9,4.5,2.7,20.5,22.8,112.8,6.3
276,"Anthony, Cole",ORL,33,15,18,48.6,41.1,88.2,46.6,13.2,38.8,34.0,20.4,25.7,79.1,10.0,32.7,42.8,25.6,12.4,7.7,4.1,5.0,20.4,21.1,115.8,4.1
276,"Bazley, Darius",OKC,33,15,18,47.4,39.4,88.5,44.5,12.2,37.2,32.8,15.6,20.1,77.7,11.0,34.4,45.4,23.9,15.8,7.0,6.4,6.2,18.3,19.2,106.7,1.1
276,"Bertans, Davis",DAL,33,16,17,47.7,40.0,84.0,47.6,11.7,33.4,35.1,20.3,27.1,75.1,9.8,36.7,46.6,23.4,13.7,6.5,4.4,3.5,24.2,24.4,112.0,5.9
276,"Harden, James",PHI,33,22,11,49.2,40.9,86.2,47.4,12.1,33.6,36.0,18.8,23.4,80.6,9.3,32.5,41.8,24.9,14.5,6.7,5.0,4.8,20.7,20.4,112.7,-5.8
276,"Neto, Raul",CLE,33,21,12,49.4,40.3,86.8,46.4,11.4,31.0,36.9,15.8,22.2,71.2,12.0,31.0,43.0,20.0,15.9,7.7,4.3,5.8,22.0,20.0,107.8,-4.8
276,"Porter Jr., Michael",DEN,33,23,10,47.4,40.6,86.6,46.9,11.3,33.5,33.7,18.7,24.3,77.1,9.8,30.2,40.1,25.6,12.6,7.3,4.4,4.0,19.3,18.4,111.3,-10.6
276,"Saric, Dario",PHX,33,14,19,48.0,42.8,85.3,50.2,12.7,31.2,40.5,16.5,22.3,73.9,8.8,31.0,39.8,25.9,14.0,8.2,4.9,3.8,22.2,20.5,114.8,3.8
276,"Thomas, Cam",BKN,33,22,11,48.2,37.7,86.5,43.6,12.2,32.7,37.2,18.7,25.7,72.8,11.9,32.1,43.9,24.1,14.5,7.2,3.4,5.5,21.2,21.4,106.2,-7.5
284,"Carter Jr., Wendell",ORL,32,13,19,48.1,41.1,88.8,46.3,12.6,36.0,35.1,17.2,22.3,77.0,10.0,30.8,40.7,24.9,13.2,8.8,4.5,4.7,20.2,20.0,112.0,2.0
284,"Christie, Max",LAL,32,13,19,46.4,41.4,88.2,46.9,12.1,33.2,36.5,17.6,22.5,78.3,11.7,35.0,46.7,22.4,12.8,5.9,5.6,4.7,19.0,17.9,112.4,7.1
284,"Christopher, Josh",HOU,32,6,26,47.8,43.9,84.2,52.1,14.6,35.5,41.0,20.6,24.7,83.5,9.4,30.4,39.8,28.2,13.1,9.9,7.6,5.2,20.2,21.3,122.9,22.9
284,"Covington, Robert",LAC,32,14,18,47.6,37.4,86.9,43.0,11.6,36.2,32.1,20.5,27.1,75.6,12.1,32.4,44.5,21.6,12.5,6.4,5.6,5.4,20.2,22.0,106.9,-1.6
284,"Gibson, Taj",WAS,32,15,17,47.9,39.1,79.3,49.3,10.4,28.8,35.9,22.6,26.5,85.5,7.1,30.8,37.9,22.6,14.8,5.6,3.7,3.6,18.3,22.5,111.1,-3.3
284,"Green, Josh",DAL,32,16,16,48.7,37.6,81.2,46.4,11.9,32.0,37.2,19.6,24.9,78.7,9.5,34.0,43.6,23.1,17.2,6.5,3.8,3.5,24.2,22.3,106.8,-6.9
284,"Holmes, Richaun",SAC,32,16,16,46.4,40.4,84.5,47.7,11.6,31.4,37.1,19.1,24.7,77.4,10.2,30.6,40.8,25.0,13.4,10.2,3.8,5.6,19.1,21.5,111.5,5.9
284,"Jordan, DeAndre",DEN,32,20,12,48.0,42.6,90.1,47.3,12.4,36.1,34.3,19.0,24.9,76.2,11.4,31.1,42.5,26.0,11.8,8.3,3.5,5.5,17.6,20.9,116.6,9.2
284,"Kennard, Luke",LAC,32,18,14,48.2,39.1,87.3,44.8,10.4,31.5,32.9,17.4,22.6,76.8,10.4,33.1,43.6,22.6,13.5,7.8,3.6,5.7,16.9,20.8,106.0,-6.4
284,"Langford, Romeo",SAS,32,10,22,47.0,44.8,88.9,50.5,12.1,30.0,40.3,15.9,22.0,72.5,10.1,31.7,41.8,26.1,13.5,7.0,5.2,4.7,19.4,20.6,117.7,8.7
294,"Duarte, Chris",IND,31,13,18,46.6,42.0,86.0,48.9,13.6,34.7,39.1,18.3,23.3,78.4,10.7,30.8,41.5,29.0,14.7,8.8,6.0,4.9,20.8,20.7,115.9,6.4
294,"Green, JaMychal",GSW,31,16,15,45.4,40.5,84.7,47.8,12.5,33.9,36.7,21.5,27.6,78.1,11.0,30.3,41.3,24.3,15.1,8.3,4.8,3.7,18.6,21.4,115.0,6.8
294,"Matthews, Wesley",MIL,31,21,10,46.4,39.2,86.1,45.6,11.2,32.6,34.5,18.8,23.2,81.1,9.2,31.5,40.7,18.5,12.8,6.1,4.4,4.4,20.7,18.9,108.5,-3.2
294,"Paul, Chris",PHX,31,15,16,49.4,40.5,87.9,46.1,11.7,32.0,36.5,20.3,25.6,79.3,11.2,34.7,45.9,23.3,14.0,7.0,3.6,5.4,19.7,21.2,113.0,-0.5
294,"Reed, Davon",DEN,31,20,11,47.6,37.9,80.3,47.2,13.2,36.2,36.3,19.7,28.7,68.5,7.9,29.9,37.8,25.3,13.8,8.7,4.4,3.1,19.7,22.9,108.7,10.3
294,"Tillman, Xavier",MEM,31,21,10,46.2,39.8,83.8,47.5,12.0,33.4,35.9,18.1,22.1,81.7,11.4,35.7,47.1,25.1,19.1,7.7,6.2,5.8,16.3,18.3,109.8,8.4
294,"Walker, Jabari",POR,31,15,16,46.9,35.8,82.4,43.5,9.0,32.2,28.1,20.9,28.0,74.5,12.0,28.7,40.7,21.0,16.3,9.4,3.7,5.6,21.6,23.5,101.6,-0.7
294,"Washington Jr., Duane",PHX,31,17,14,47.1,38.9,83.9,46.4,10.6,29.7,35.7,19.6,25.6,76.6,9.8,31.8,41.6,23.4,14.1,9.0,4.8,5.0,17.9,20.0,108.1,0.7
302,"Beal, Bradley",WAS,30,16,14,48.5,41.4,89.1,46.4,11.6,31.6,36.6,20.0,24.7,80.8,10.0,31.9,41.9,23.3,11.3,5.9,4.3,6.3,20.3,20.2,114.2,-2.2
302,"Fultz, Markelle",ORL,30,15,15,47.0,41.9,86.3,48.6,13.1,36.5,35.8,17.7,22.3,79.2,10.1,32.7,42.9,26.4,14.9,7.9,5.4,3.7,18.4,18.9,114.6,5.8
302,"Hachimura, Rui",WAS,30,17,13,47.0,40.6,89.5,45.3,11.4,32.4,35.3,17.8,22.1,80.7,10.3,33.0,43.3,22.9,12.0,7.2,4.8,5.6,20.1,18.7,110.4,4.5
302,"Houstan, Caleb",ORL,30,9,21,48.1,41.3,84.4,49.0,13.0,36.2,35.9,19.2,25.2,76.2,9.4,30.7,40.2,26.0,14.5,8.1,4.6,3.4,21.0,20.6,114.8,5.0
302,"Livers, Isaiah",DET,30,7,23,48.2,41.8,85.9,48.6,11.9,32.7,36.4,22.0,26.9,81.5,11.4,33.1,44.5,25.4,13.5,7.3,4.7,4.4,20.1,24.9,117.4,11.0
302,"Maxey, Tyrese",PHI,30,19,11,48.6,40.9,85.0,48.1,11.2,32.5,34.4,19.0,23.9,79.3,9.2,32.4,41.7,24.7,14.6,5.9,5.2,4.6,19.8,20.3,112.0,-4.5
302,"McGee, JaVale",DAL,30,14,16,46.5,45.1,90.2,50.0,11.7,31.6,37.0,16.8,22.7,74.1,11.3,34.0,45.3,27.1,11.9,9.6,6.4,3.9,19.7,20.3,118.8,18.6
302,"Mills, Patty",BKN,30,16,14,46.9,41.9,88.4,47.4,13.9,34.4,40.5,17.7,24.1,73.5,13.2,32.6,45.8,24.3,15.1,6.3,5.0,6.2,17.9,21.3,115.4,0.7
302,"Ntilikina, Frank",DAL,30,15,15,48.3,39.0,84.6,46.2,11.1,32.4,34.3,23.5,31.3,75.1,9.6,35.2,44.8,22.1,13.0,5.4,4.8,3.8,23.2,21.9,112.6,1.3
302,"Pokusevski, Aleksej",OKC,30,14,16,46.4,43.0,88.0,48.9,14.5,35.0,41.5,18.4,22.8,80.4,11.6,34.9,46.6,25.9,14.2,9.2,4.7,5.9,16.2,19.6,118.9,13.5
302,"Shamet, Landry",PHX,30,14,16,47.9,37.9,82.0,46.2,11.3,31.3,36.2,20.3,25.5,79.5,10.1,34.6,44.7,22.1,16.5,7.4,5.1,4.7,20.8,21.1,107.4,-0.2
302,"Toscano-Anderson, Juan",LAL,30,12,18,46.7,42.0,89.5,46.9,12.3,35.1,35.0,16.6,22.3,74.7,11.5,33.9,45.5,22.8,12.8,6.7,5.5,4.9,18.6,18.3,112.9,10.9
302,"Wagner, Moritz",ORL,30,14,16,47.0,41.4,85.8,48.3,13.3,38.8,34.1,15.7,19.7,79.6,8.7,32.3,41.1,26.9,14.6,7.6,5.5,4.0,21.4,18.5,111.8,3.4
302,"Wiggins, Andrew",GSW,30,16,14,46.1,39.7,86.3,46.0,11.8,32.5,36.3,19.6,25.0,78.4,10.5,33.0,43.5,24.6,14.5,7.3,3.5,4.2,17.3,22.1,110.8,-4.1
316,"Agbaji, Ochai",UTA,29,18,11,46.3,39.0,86.5,45.1,12.4,32.7,38.0,19.9,26.0,76.6,10.8,30.7,41.5,22.2,12.9,7.3,5.0,5.7,19.8,19.9,110.3,-3.6
316,"Booker, Devin",PHX,29,18,11,48.7,41.0,86.4,47.5,12.0,31.6,37.9,20.3,25.3,80.0,11.0,31.2,42.2,23.6,14.8,6.3,3.6,5.1,19.3,21.3,114.3,-5.8
316,"Dedmon, Dewayne",MIA,29,17,12,47.4,40.3,85.7,47.0,12.6,35.0,36.1,18.8,24.3,77.5,9.1,36.1,45.2,25.8,15.4,7.4,4.8,3.4,18.7,20.8,112.1,13.1
316,"Green, Jeff",DEN,29,18,11,48.3,41.6,88.6,47.0,12.1,34.9,34.7,19.6,25.7,76.4,11.9,33.3,45.2,24.9,13.1,8.0,4.9,4.6,20.3,20.6,115.0,6.3
316,"Hayes, Jaxson",NOP,29,13,16,46.6,41.0,83.2,49.3,12.6,35.2,35.8,16.0,21.1,75.8,8.4,34.1,42.5,24.4,15.3,8.3,5.7,4.4,21.1,18.2,110.7,7.2
316,"Jerome, Ty",GSW,29,12,17,46.8,41.8,85.6,48.8,13.8,34.3,40.3,19.4,25.7,75.4,10.3,31.5,41.8,25.9,13.6,7.4,4.0,3.5,19.1,20.1,116.8,7.3
316,"Little, Nassir",POR,29,15,14,48.7,42.6,88.8,48.0,13.4,35.7,37.6,18.1,23.0,78.9,10.4,29.6,40.0,28.8,13.3,7.4,4.4,3.4,21.8,19.8,116.7,3.5
316,"Prince, Taurean",MIN,29,17,12,45.7,39.6,83.6,47.3,12.2,32.4,37.6,21.2,28.8,73.7,10.9,31.3,42.2,25.2,16.2,7.3,4.3,4.5,19.9,22.5,112.5,0.4
316,"Smith Jr., Dennis",CHA,29,9,20,47.3,38.5,86.0,44.8,11.6,34.1,33.9,18.4,23.7,77.4,11.0,35.8,46.8,23.8,15.1,6.6,5.9,4.9,20.3,21.1,107.0,2.4
316,"Vassell, Devin",SAS,29,8,21,46.3,43.6,84.5,51.6,12.0,30.0,40.1,19.6,24.3,80.8,9.5,32.9,42.4,27.1,14.4,7.9,4.4,4.0,18.0,21.4,118.9,11.5
316,"Williamson, Zion",NOP,29,17,12,47.1,39.8,85.2,46.7,11.7,34.7,33.7,17.6,22.8,77.3,9.7,29.9,39.6,24.9,15.9,7.1,5.2,4.1,21.7,20.3,108.9,-7.3
316,"Winslow, Justise",POR,29,15,14,48.5,40.3,86.8,46.4,12.3,33.8,36.4,19.3,24.3,79.6,10.4,32.0,42.4,24.9,14.1,7.7,4.4,4.4,20.4,21.6,112.1,2.4
328,"Achiuwa, Precious",TOR,28,14,14,48.8,41.0,85.6,47.8,13.7,35.7,38.4,17.6,21.8,80.7,9.4,31.7,41.0,27.1,14.3,6.4,5.2,6.3,21.3,19.7,113.3,0.3
328,"Bane, Desmond",MEM,28,19,9,46.0,38.2,86.2,44.4,12.2,34.1,35.7,17.6,22.1,79.5,11.2,31.1,42.2,24.9,15.8,6.3,5.8,6.2,20.3,19.9,106.2,-9.1
328,"Green, Javonte",CHI,28,11,17,47.0,38.6,85.7,45.1,12.9,34.5,37.3,17.7,23.0,76.8,9.6,30.8,40.4,24.5,16.4,6.3,6.2,6.3,19.5,19.2,107.7,-5.8
328,"Knight, Nathan",MIN,28,14,14,45.0,41.5,84.1,49.4,11.4,30.1,37.9,18.3,24.1,75.9,12.0,32.3,44.3,26.0,17.0,7.3,4.5,5.2,20.4,18.9,112.7,-0.2
328,"LaRavia, Jake",MEM,28,19,9,47.1,40.6,88.1,46.1,11.4,36.0,31.6,22.6,28.8,78.5,13.0,33.1,46.1,26.8,13.7,6.7,4.9,3.9,20.2,20.9,115.2,8.3
328,"Payne, Cameron",PHX,28,15,13,48.1,40.9,84.4,48.5,10.5,29.3,35.8,19.5,24.4,80.0,11.2,31.9,43.1,23.1,16.0,6.8,3.8,4.9,19.4,20.3,111.8,-2.7
328,"Robinson, Duncan",MIA,28,14,14,48.4,39.9,83.5,47.8,14.1,36.7,38.4,17.7,22.1,79.9,9.2,33.8,43.0,25.2,16.4,6.8,3.4,2.9,20.1,21.0,111.6,1.6
335,"Davis, Anthony",LAL,27,12,15,46.2,41.2,88.3,46.7,11.5,34.1,33.7,16.0,20.4,78.0,9.5,33.7,43.2,24.3,13.0,7.7,4.9,5.1,20.5,17.4,110.0,-2.1
335,"Holiday, Justin",ATL,27,11,16,46.2,39.0,83.7,46.6,10.9,31.5,34.8,21.7,26.8,80.9,10.3,34.2,44.5,22.3,15.5,6.0,5.8,5.2,20.0,20.8,110.6,6.5
335,"Jones, Kai",CHA,27,6,21,46.6,38.0,82.9,45.8,13.6,35.0,38.8,17.7,21.1,84.1,10.0,28.7,38.8,25.6,16.1,5.3,6.5,5.9,25.4,17.7,107.3,-4.3
335,"Leonard, Kawhi",LAC,27,18,9,49.4,39.8,85.9,46.4,10.8,31.9,33.9,18.9,24.3,77.6,10.1,32.5,42.5,24.3,13.2,7.0,3.7,4.5,18.8,19.4,109.4,-8.4
335,"Schofield, Admiral",ORL,27,11,16,47.9,39.8,81.1,49.0,14.9,38.0,39.2,19.0,24.7,76.8,6.7,37.6,44.3,29.0,15.3,6.4,5.3,3.8,20.1,21.0,113.4,7.2
335,"Suggs, Jalen",ORL,27,10,17,47.3,41.5,87.2,47.6,14.3,39.7,36.0,15.6,20.6,75.9,8.6,30.4,39.0,26.8,14.2,8.7,4.9,5.1,21.2,19.5,112.9,2.6
341,"Bogdanovic, Bogdan",ATL,26,12,14,47.4,43.4,90.0,48.3,12.4,34.7,35.7,18.0,22.4,80.2,11.6,33.3,44.9,26.2,12.0,6.8,4.2,5.0,18.7,18.3,117.2,2.4
341,"Bouknight, James",CHA,26,5,21,46.7,38.2,86.1,44.3,11.8,35.0,33.6,18.5,24.2,76.5,11.1,32.4,43.5,25.0,15.3,7.3,6.6,5.9,21.4,18.2,106.6,2.9
341,"Fernando, Bruno",HOU,26,8,18,48.0,39.9,86.7,46.0,14.9,39.3,38.0,21.2,25.8,82.0,8.7,30.0,38.6,24.7,11.9,9.1,7.4,5.9,19.4,22.6,115.9,10.3
341,"Fontecchio, Simone",UTA,26,15,11,45.8,44.6,85.7,52.0,12.8,28.8,44.4,21.9,27.5,79.5,11.5,32.9,44.4,26.0,13.2,7.8,4.1,5.2,20.6,21.0,123.8,23.2
341,"Hampton, R.J.",ORL,26,7,19,47.7,40.6,85.5,47.4,12.0,35.8,33.6,19.6,26.0,75.1,10.4,29.9,40.3,25.5,14.8,8.7,5.3,4.5,20.1,21.9,112.7,4.8
341,"Harris, Kevon",ORL,26,9,17,47.7,39.5,84.9,46.6,12.4,36.8,33.6,19.2,26.0,73.7,9.9,29.9,39.8,25.3,15.8,6.8,6.8,4.7,22.7,22.2,110.6,-1.6
341,"Lopez, Robin",CLE,26,18,8,48.9,42.6,87.4,48.8,9.6,27.2,35.2,18.9,23.7,79.8,10.9,34.3,45.2,23.0,12.8,7.2,5.2,3.0,21.3,19.8,113.7,3.9
341,"Robinson-Earl, Jeremiah",OKC,26,10,16,45.9,42.2,87.3,48.4,13.5,32.9,41.1,16.9,21.7,78.0,12.2,32.8,44.9,25.4,15.6,8.0,5.4,4.8,17.5,19.0,114.9,3.1
341,"Rose, Derrick",NYK,26,11,15,46.4,40.4,90.3,44.7,12.4,36.5,34.1,14.9,21.2,70.6,11.9,31.7,43.6,25.2,13.0,7.9,5.7,3.9,15.2,18.7,108.2,3.3
350,"Bagley III, Marvin",DET,25,6,19,47.8,44.4,87.1,51.0,12.6,33.3,37.7,18.4,23.1,79.8,8.9,34.1,42.9,27.5,13.1,7.6,4.6,4.1,19.2,19.6,119.8,12.4
350,"Hayward, Gordon",CHA,25,10,15,45.8,40.7,85.5,47.6,10.3,32.0,32.1,18.3,23.1,79.5,9.2,35.8,45.0,23.5,14.0,6.6,5.1,4.8,20.3,20.0,110.1,4.0
350,"Hernangomez, Willy",NOP,25,14,11,46.5,40.8,85.4,47.9,10.2,34.4,29.8,13.6,19.0,71.5,9.4,29.9,39.2,23.7,16.0,8.2,7.3,4.5,22.3,17.1,105.6,-4.0
350,"Johnson, Keon",POR,25,11,14,47.1,39.7,81.0,49.0,12.0,31.4,38.3,22.4,28.5,78.6,8.4,30.9,39.3,25.0,15.6,8.4,4.5,3.6,22.6,24.2,113.8,12.4
350,"Morris, Markieff",BKN,25,15,10,45.9,38.8,85.7,45.3,12.1,34.1,35.6,18.2,24.1,75.5,8.6,32.9,41.5,23.6,14.2,7.1,3.2,5.7,20.1,21.8,107.9,-6.4
350,"Oladipo, Victor",MIA,25,16,9,49.0,38.2,80.9,47.3,13.6,35.8,38.2,20.8,26.1,79.7,7.7,34.3,42.0,24.3,16.7,7.5,3.0,2.1,19.5,20.5,111.0,0.4
350,"Pinson, Theo",DAL,25,12,13,46.2,38.9,83.9,46.4,10.5,31.9,33.0,25.3,31.6,80.0,10.9,35.1,46.0,24.6,13.7,7.4,6.0,4.6,22.1,23.5,113.7,12.3
350,"Sharpe, Day'Ron",BKN,25,14,11,46.0,43.4,85.7,50.7,12.1,30.3,40.0,17.2,24.2,70.8,11.1,29.1,40.2,25.5,13.9,7.7,4.2,6.1,17.8,21.4,116.2,5.9
350,"Taylor, Terry",IND,25,9,16,45.3,38.0,78.9,48.2,14.0,33.9,41.3,25.6,33.1,77.3,8.9,29.1,38.0,25.8,15.7,7.5,5.7,5.7,21.1,23.8,115.7,4.5
359,"Ball, LaMelo",CHA,24,8,16,46.6,43.8,87.2,50.3,13.9,35.7,38.9,18.7,24.6,75.9,10.0,33.9,43.9,27.7,13.7,6.7,4.2,5.2,18.5,20.1,120.3,7.3
359,"Bassey, Charles",SAS,24,5,19,46.9,41.2,85.9,47.9,13.6,35.6,38.3,16.9,21.8,77.6,9.2,30.0,39.2,25.3,14.9,7.9,3.3,5.7,17.6,19.8,112.9,2.7
359,"Green, AJ",MIL,24,18,6,46.3,42.7,88.6,48.2,11.4,32.8,34.8,16.7,21.6,77.5,11.0,33.0,44.0,22.0,10.1,7.6,4.4,3.2,13.7,18.2,113.5,8.9
359,"Johnson, Stanley",SAS,24,5,19,47.0,44.6,90.1,49.5,13.3,32.9,40.3,21.1,27.5,76.8,12.1,28.7,40.8,23.4,12.1,9.6,5.4,3.5,17.6,20.3,123.6,10.3
359,"Kaminsky, Frank",ATL,24,10,14,46.7,41.2,81.3,50.7,11.4,32.3,35.3,15.3,20.9,73.3,9.5,38.2,47.6,24.0,15.3,4.7,6.4,2.8,17.3,15.0,109.2,-3.1
359,"Korkmaz, Furkan",PHI,24,16,8,47.1,39.4,84.4,46.7,11.5,33.5,34.4,17.5,21.9,79.7,10.2,31.4,41.6,23.0,16.5,8.6,4.6,5.2,19.5,20.8,107.8,5.0
359,"Warren, T.J.",BKN,24,16,8,47.1,40.6,85.3,47.6,10.4,30.8,33.9,21.3,27.1,78.6,11.0,31.6,42.6,23.5,13.3,6.8,3.5,5.6,15.8,22.9,112.9,-0.4
359,"Williams, Ziaire",MEM,24,15,9,46.7,39.8,88.6,44.9,13.1,37.7,34.6,19.6,25.0,78.4,11.2,30.9,42.1,26.4,14.9,7.5,5.6,5.8,19.6,20.7,112.2,4.4
367,"Chandler, Kennedy",MEM,23,14,9,46.0,38.5,86.0,44.8,13.2,36.4,36.2,17.2,21.1,81.2,12.3,32.4,44.8,25.7,16.9,10.0,6.5,5.6,19.5,16.1,107.3,9.6
367,"Hardy, Jaden",DAL,23,11,12,46.3,41.1,84.8,48.4,10.1,30.8,32.9,21.9,30.8,71.1,9.9,38.7,48.6,22.9,10.7,6.9,8.1,4.0,21.1,23.5,114.2,11.7
367,"Harris, Gary",ORL,23,9,14,48.0,44.1,87.3,50.6,12.9,34.3,37.8,18.3,23.4,78.0,10.8,33.6,44.4,27.4,14.6,7.5,4.8,3.8,18.1,19.7,119.5,4.7
367,"Robinson, Orlando",MIA,23,13,10,49.4,39.3,82.0,47.9,15.4,38.8,39.5,12.3,17.3,70.9,8.1,32.5,40.6,27.2,18.3,8.0,3.4,3.0,18.9,16.1,106.2,-1.8
367,"Vonleh, Noah",BOS,23,17,6,48.1,43.4,90.5,48.0,14.0,34.5,40.7,14.6,16.8,86.7,11.5,30.3,41.7,23.0,14.3,7.8,4.2,5.3,12.6,20.2,115.4,3.6
372,"Antetokounmpo, Thanasis",MIL,22,14,8,46.4,41.4,83.8,49.4,11.6,31.8,36.5,18.7,26.8,69.8,12.1,30.3,42.4,23.2,12.1,7.1,4.0,3.0,13.6,17.2,113.1,18.7
372,"Banton, Dalano",TOR,22,11,11,46.8,38.5,81.2,47.4,13.3,36.6,36.4,21.4,26.0,82.1,9.5,31.3,40.8,27.1,16.5,7.6,5.3,6.1,18.2,23.5,111.6,11.2
372,"Forbes, Bryn",MIN,22,8,14,46.1,39.2,84.9,46.2,13.5,37.1,36.5,20.2,26.3,76.9,11.6,35.1,46.7,26.1,14.9,8.6,4.9,4.7,21.6,20.0,112.2,9.0
372,"Jones, Damian",LAL,22,6,16,45.9,40.1,90.6,44.3,10.4,36.2,28.8,15.9,19.8,80.3,13.5,34.4,47.9,22.4,10.9,9.4,6.0,6.5,18.8,15.4,106.5,8.9
372,"Kleber, Maxi",DAL,22,13,9,48.4,38.2,82.1,46.5,10.4,30.7,33.8,20.8,27.2,76.3,9.9,33.9,43.8,22.1,15.0,7.0,3.2,4.5,24.6,23.1,107.5,-2.1
372,"McGowens, Bryce",CHA,22,6,16,46.9,41.1,86.7,47.4,13.1,33.4,39.2,18.6,22.8,81.8,11.9,33.3,45.1,25.4,16.0,5.2,6.9,5.5,21.7,19.7,114.0,6.3
372,"Smith, Ish",DEN,22,14,8,48.0,36.3,82.2,44.2,11.6,33.2,34.9,19.3,27.8,69.4,9.8,30.2,39.9,23.5,14.4,9.0,4.6,4.9,16.5,22.2,103.6,3.4
372,"Wade, Dean",CLE,22,15,7,49.5,37.7,84.1,44.9,9.7,28.1,34.5,17.6,23.8,74.2,8.8,31.3,40.1,21.1,16.3,8.3,4.1,5.0,20.3,20.8,102.8,-8.7
380,"Bitadze, Goga",IND,21,8,13,47.1,35.7,76.9,46.4,12.6,32.2,39.1,23.5,30.1,78.3,10.3,29.1,39.4,24.0,18.9,7.2,5.8,5.4,20.5,26.6,107.5,-3.5
380,"Jackson, Justin",BOS,21,14,7,48.3,41.7,96.1,43.4,12.7,34.3,37.1,19.1,23.0,83.0,15.2,40.2,55.4,22.5,11.3,7.4,2.0,7.8,8.8,19.6,115.2,34.3
380,"Towns, Karl-Anthony",MIN,21,10,11,47.0,40.6,89.3,45.4,14.6,37.0,39.6,16.8,22.7,74.1,11.1,31.5,42.7,27.2,13.5,8.5,3.8,5.6,19.9,21.6,112.6,1.1
380,"Wright, Delon",WAS,21,15,6,47.1,41.0,90.5,45.3,10.2,32.0,32.0,16.2,21.3,76.2,12.6,30.2,42.7,21.6,14.2,6.9,4.4,5.7,21.9,19.4,108.5,-0.9
384,"Birch, Khem",TOR,20,9,11,49.2,39.8,82.1,48.5,13.7,33.7,40.5,15.5,18.2,85.0,9.4,30.7,40.1,27.1,20.7,5.2,4.6,4.3,20.1,18.5,108.8,-1.8
384,"Dellavedova, Matthew",SAC,20,12,8,45.1,37.1,82.8,44.8,11.7,30.5,38.5,23.0,28.1,81.9,12.9,31.6,44.5,18.4,18.4,9.0,3.1,3.9,17.6,23.0,109.0,12.1
384,"Fournier, Evan",NYK,20,10,10,48.0,40.6,88.3,46.0,13.9,38.3,36.3,17.8,23.9,74.5,11.8,34.5,46.3,23.7,14.5,7.7,3.9,4.3,20.5,23.5,112.8,2.9
384,"Griffin, Blake",BOS,20,12,8,48.5,42.1,85.8,49.0,12.2,31.4,38.7,17.2,22.9,75.4,8.5,36.7,45.2,20.7,13.8,6.0,4.4,3.6,20.1,19.6,113.6,-5.1
384,"Mamukelashvili, Sandro",MIL,20,13,7,47.8,34.2,79.6,43.0,11.8,31.1,37.8,16.5,19.9,83.1,8.7,32.2,40.9,19.9,14.0,6.7,4.5,3.4,16.8,18.8,96.6,-4.5
384,"McGruder, Rodney",DET,20,2,18,45.8,40.9,81.1,50.4,10.1,29.9,33.8,14.8,20.4,72.6,9.9,32.0,41.9,24.5,17.6,6.9,4.3,3.7,22.2,17.4,106.7,-5.6
384,"Moore Jr., Wendell",MIN,20,11,9,44.5,40.8,87.2,46.8,10.8,33.2,32.5,21.6,29.2,74.0,12.4,33.2,45.6,26.4,14.8,8.0,2.8,6.8,15.2,22.0,114.0,18.0
384,"Reddish, Cam",NYK,20,9,11,47.2,41.4,88.9,46.6,13.8,38.4,36.0,18.9,24.4,77.4,11.5,32.1,43.7,27.4,13.9,5.8,4.9,4.5,20.6,20.9,115.5,1.2
384,"Williams, Mark",CHA,20,8,12,46.8,39.5,91.8,43.0,11.0,36.2,30.4,17.3,22.5,77.0,12.3,37.0,49.3,23.2,13.7,6.5,4.2,5.8,19.5,21.0,107.3,9.0
393,"Boston Jr., Brandon",LAC,19,7,12,46.9,41.9,83.9,50.0,12.0,29.5,40.9,16.6,19.8,83.7,8.4,35.3,43.7,25.6,14.6,7.3,7.3,4.9,20.6,18.7,112.5,4.7
393,"Omoruyi, Eugene",OKC,19,6,13,48.5,37.9,83.9,45.3,12.6,36.3,34.7,22.6,29.6,76.6,12.8,32.3,45.1,22.2,18.0,6.9,4.0,2.3,23.1,24.3,111.1,-0.2
393,"Wiseman, James",GSW,19,8,11,44.8,41.6,83.1,50.1,14.3,36.1,39.7,25.8,31.8,81.3,10.2,31.6,41.8,26.6,13.6,10.2,2.6,3.2,18.6,21.6,123.4,21.9
396,"Azubuike, Udoka",UTA,18,11,7,44.1,34.8,77.6,44.8,9.3,21.1,44.1,26.1,36.6,71.2,11.8,30.4,42.2,17.4,16.1,9.9,3.7,6.2,16.8,19.9,105.0,3.7
396,"Ingles, Joe",MIL,18,10,8,46.1,42.3,87.2,48.5,11.6,29.8,39.1,18.3,24.2,75.5,10.8,30.0,40.8,24.0,12.3,7.4,3.4,4.0,18.0,18.0,114.5,-2.3
396,"Krejci, Vit",ATL,18,9,9,48.8,41.0,81.5,50.3,10.8,31.1,34.8,18.0,22.5,80.0,9.9,33.3,43.2,26.6,18.0,5.4,4.1,2.3,15.3,16.2,110.8,-4.1
396,"McLaughlin, Jordan",MIN,18,10,8,44.2,34.7,81.5,42.5,10.3,31.4,32.8,22.2,30.0,73.8,9.9,30.4,40.2,21.7,15.7,8.8,3.1,5.5,18.6,21.6,101.8,-13.3
396,"Okeke, Chuma",ORL,18,5,13,47.7,43.0,90.0,47.8,13.5,38.9,34.8,17.9,24.0,74.6,10.1,31.5,41.7,26.7,11.9,8.5,5.6,6.3,19.9,21.7,117.4,9.0
396,"Terry, Dalen",CHI,18,9,9,46.0,34.4,88.5,38.9,13.1,40.2,32.7,21.3,24.6,86.7,13.1,30.3,43.4,23.0,11.5,4.9,8.2,5.7,20.5,15.6,103.3,-1.6
396,"Waters III, Lindy",OKC,18,8,10,45.8,36.9,80.6,45.8,12.6,33.4,37.8,18.0,23.1,77.8,9.8,31.3,41.1,24.5,14.5,5.1,3.7,4.2,18.0,17.5,104.4,-20.1
403,"Dieng, Gorgui",SAS,17,2,15,47.4,45.7,86.3,53.0,14.9,32.0,46.4,12.9,16.9,76.3,7.7,36.3,44.0,30.9,14.0,6.9,3.4,4.3,18.9,14.3,119.1,13.1
403,"Dieng, Ousmane",OKC,17,7,10,46.7,40.0,87.7,45.6,10.2,34.0,30.0,14.7,19.2,76.5,12.8,36.4,49.2,24.0,17.5,6.8,5.8,5.5,17.2,18.7,104.9,3.2
403,"Garza, Luka",MIN,17,11,6,45.5,38.0,78.5,48.5,15.2,32.0,47.4,27.9,34.3,81.4,12.1,28.6,40.7,26.3,18.5,5.7,3.4,5.4,17.8,22.6,119.2,-7.1
403,"Ingram, Brandon",NOP,17,9,8,48.2,40.4,86.0,46.9,12.3,34.7,35.6,17.9,22.5,79.6,10.4,31.1,41.4,24.1,15.9,6.6,5.1,5.1,21.6,20.5,111.0,-8.3
403,"Washington Jr., TyTy",HOU,17,3,14,47.3,36.1,82.1,44.0,13.2,39.4,33.5,15.1,20.0,75.3,8.7,32.5,41.3,20.3,16.0,6.8,5.9,3.8,18.2,19.3,100.5,1.9
403,"Williams III, Robert",BOS,17,11,6,47.6,39.2,87.7,44.7,12.9,35.7,36.1,15.7,19.7,79.6,8.5,32.2,40.7,22.5,11.3,6.7,3.3,6.3,20.0,15.2,106.9,-9.3
403,"Williams, Jaylin",OKC,17,7,10,47.0,40.6,84.3,48.2,13.3,35.1,37.8,16.5,21.8,75.7,10.6,33.7,44.3,28.4,15.7,7.8,6.3,2.9,19.0,18.4,111.0,1.8
410,"Forrest, Trent",ATL,16,5,11,47.7,42.0,85.7,49.0,13.2,35.3,37.4,17.1,20.6,83.2,8.0,33.8,41.8,25.8,14.9,6.9,5.8,2.8,16.7,19.0,114.3,7.8
410,"Ibaka, Serge",MIL,16,11,5,48.4,41.3,88.5,46.6,11.7,30.5,38.5,13.3,17.8,75.0,9.7,34.2,43.9,21.7,11.7,6.0,6.0,3.9,20.1,17.8,107.6,6.5
410,"Marjanovic, Boban",HOU,16,1,15,47.5,35.0,80.7,43.4,10.0,40.7,24.6,11.4,17.1,66.7,7.1,26.4,33.6,25.0,14.3,5.7,5.7,0.7,22.1,13.6,91.4,-23.6
410,"Ryan, Matt",MIN,16,7,9,44.5,38.0,86.8,43.7,13.5,38.0,35.6,17.3,24.1,71.9,13.5,28.9,42.5,20.7,15.0,7.9,4.9,5.3,18.0,18.4,106.8,-10.5
410,"Temple, Garrett",NOP,16,10,6,45.6,41.4,86.8,47.6,12.4,38.7,32.0,13.2,19.2,68.6,10.5,33.5,44.0,25.9,16.5,8.3,7.1,4.1,19.2,19.2,108.3,8.6
415,"Baldwin Jr., Patrick",GSW,15,5,10,46.1,44.4,82.5,53.7,14.2,29.8,47.6,15.3,20.4,75.0,8.7,33.8,42.5,30.9,14.5,9.8,3.6,1.8,13.1,17.1,118.2,22.9
415,"Brown III, Greg",POR,15,10,5,45.9,31.8,75.9,41.9,8.2,31.3,26.2,21.0,29.7,70.7,8.7,35.4,44.1,15.9,16.4,6.2,5.1,6.7,21.0,20.0,92.8,4.1
415,"Jovic, Nikola",MIA,15,7,8,48.4,43.1,84.6,51.0,12.1,35.8,33.8,11.1,15.6,71.2,10.2,35.1,45.3,27.7,19.4,5.9,3.1,2.4,19.7,17.1,109.5,3.8
415,"Wright IV, McKinley",DAL,15,8,7,48.2,41.3,86.8,47.5,9.6,31.3,30.7,24.2,33.5,72.3,14.9,35.9,50.9,23.5,13.9,6.0,3.9,5.0,21.4,24.2,116.4,13.9
419,"Diabate, Moussa",LAC,14,7,7,47.2,43.3,83.6,51.7,13.7,31.6,43.5,15.5,19.6,79.1,7.0,33.3,40.4,26.9,13.5,7.0,6.1,4.7,21.3,15.8,115.8,5.0
419,"Diakite, Mamadi",CLE,14,10,4,51.8,39.0,84.7,46.0,9.6,34.5,27.9,14.1,18.6,75.8,9.6,34.5,44.1,21.5,17.5,4.0,2.8,5.1,10.2,18.1,101.7,4.5
419,"Dowtin Jr., Jeff",TOR,14,9,5,48.4,39.1,86.5,45.2,13.5,38.0,35.6,19.3,24.0,80.4,11.5,32.8,44.3,25.5,15.1,4.2,5.7,6.8,17.2,18.2,110.9,-0.5
419,"Duke Jr., David",BKN,14,7,7,47.9,38.4,79.8,48.1,14.4,32.3,44.7,24.0,30.8,77.8,8.7,29.3,38.0,25.1,15.6,8.7,6.1,5.7,19.4,25.9,115.2,11.8
419,"Johnson, Cameron",PHX,14,11,3,47.9,37.7,88.6,42.5,10.6,31.0,34.2,18.0,23.5,76.4,11.4,34.3,45.6,22.6,14.6,7.1,3.4,6.6,20.6,21.2,104.0,-13.0
424,"Bolmaro, Leandro",UTA,13,8,5,45.9,32.6,78.7,41.4,7.8,22.0,35.5,23.4,34.8,67.3,10.6,34.0,44.7,14.2,14.2,7.1,5.0,9.2,16.3,20.6,96.5,0.7
424,"Cain, Jamal",MIA,13,8,5,47.5,39.6,87.7,45.2,13.4,42.3,31.7,11.5,15.7,73.3,7.9,31.0,38.8,26.0,15.5,8.7,3.1,3.4,20.5,16.3,104.2,2.1
424,"Edwards, Kessler",BKN,13,5,8,45.9,42.2,80.7,52.3,18.0,34.8,51.8,13.7,18.6,73.3,8.1,26.1,34.2,29.2,18.0,8.1,4.3,3.7,21.7,16.8,116.1,-5.0
424,"Mykhailiuk, Svi",NYK,13,8,5,43.9,27.5,76.9,35.7,11.0,34.1,32.3,7.7,11.0,70.0,6.6,34.1,40.7,16.5,16.5,7.7,2.2,3.3,14.3,9.9,73.6,-22.0
424,"Noel, Nerlens",DET,13,2,11,45.7,41.0,81.8,50.2,13.0,37.7,34.4,23.1,29.3,78.9,12.3,34.6,46.9,25.6,17.9,8.6,4.9,4.9,18.2,25.0,118.2,16.7
424,"Tate, Jae'Sean",HOU,13,2,11,46.8,40.1,87.6,45.7,14.5,42.0,34.4,17.9,23.7,75.7,11.1,29.6,40.8,25.1,11.5,7.3,7.8,4.7,20.9,20.6,112.5,3.3
430,"Cunningham, Cade",DET,12,3,9,47.1,45.3,91.9,49.3,11.4,33.1,34.5,16.2,20.9,77.5,11.5,34.4,45.9,25.1,12.2,6.2,8.7,3.6,22.2,21.1,118.2,7.1
430,"Johnson, James",IND,12,5,7,47.5,35.4,74.3,47.7,11.2,29.6,37.7,22.3,29.1,76.7,5.8,35.0,40.8,21.4,19.9,6.8,3.4,4.4,19.9,25.2,104.4,-2.4
430,"Len, Alex",SAC,12,7,5,41.0,31.1,77.4,40.2,9.4,28.3,33.3,26.4,29.2,90.3,8.5,31.1,39.6,18.9,10.4,10.4,1.9,1.9,17.0,18.9,98.1,7.5
430,"Martin, Tyrese",ATL,12,7,5,49.1,44.9,86.5,51.9,9.0,31.5,28.6,10.1,12.4,81.8,7.9,39.3,47.2,24.7,15.7,4.5,6.7,3.4,10.1,12.4,109.0,-3.4
430,"Preston, Jason",LAC,12,3,9,47.6,40.1,80.6,49.7,12.1,30.0,40.5,20.6,26.3,78.5,5.7,36.0,41.7,25.9,14.2,8.1,6.9,2.4,21.1,20.2,113.0,5.7
430,"Rollins, Ryan",GSW,12,5,7,45.0,37.0,75.4,49.0,11.6,34.1,34.0,21.7,29.7,73.2,8.0,41.3,49.3,26.1,13.0,12.3,2.9,2.2,13.8,20.3,107.2,34.1
430,"Ryan, Matt",LAL,12,5,7,44.9,38.9,86.5,45.0,9.7,32.6,29.8,13.9,18.8,74.1,9.7,36.8,46.5,21.2,12.8,8.0,4.9,3.8,19.4,16.7,101.4,0.0
437,"Arcidiacono, Ryan",NYK,11,7,4,43.8,31.7,76.7,41.3,10.0,30.0,33.3,6.7,10.0,66.7,13.3,38.3,51.7,21.7,21.7,8.3,3.3,5.0,13.3,8.3,80.0,-6.7
437,"Middleton, Khris",MIL,11,8,3,45.3,41.2,87.2,47.3,12.8,34.0,37.7,15.6,21.4,72.7,9.3,32.1,41.4,23.3,10.7,5.6,3.3,2.9,17.5,18.5,110.9,-3.5
437,"Payton II, Gary",POR,11,6,5,49.2,42.3,88.7,47.6,12.7,32.1,39.5,21.7,27.9,77.8,12.4,28.2,40.6,24.2,12.7,5.1,2.3,5.9,22.0,23.9,118.9,-9.6
437,"White, Jack",DEN,11,9,2,49.0,35.7,72.9,49.0,10.0,30.0,33.3,32.9,38.6,85.2,4.3,27.1,31.4,17.1,11.4,7.1,7.1,8.6,7.1,22.9,114.3,51.4
441,"Bradley, Tony",CHI,10,4,6,40.5,35.4,76.9,46.0,13.8,36.9,37.5,10.8,12.3,87.5,6.2,38.5,44.6,23.1,13.8,3.1,3.1,3.1,18.5,9.2,95.4,-7.7
441,"Culver, Jarrett",ATL,10,5,5,46.4,41.4,81.7,50.6,11.9,29.8,39.8,20.3,24.7,82.2,9.2,33.9,43.1,26.4,15.9,5.4,4.4,3.7,18.3,18.3,114.9,6.4
441,"Davis, Johnny",WAS,10,4,6,48.0,33.3,72.4,46.1,11.4,33.3,34.3,32.4,36.2,89.5,4.8,40.0,44.8,16.2,16.2,5.7,5.7,1.9,15.2,28.6,110.5,27.6
441,"Lee, Saben",PHX,10,6,4,47.2,38.8,88.8,43.7,10.1,30.6,33.0,16.1,20.2,79.7,9.6,33.3,42.9,20.8,16.1,9.3,6.0,5.7,25.4,21.3,103.8,0.0
445,"Carey Jr., Vernon",WAS,9,6,3,46.2,23.5,62.7,37.5,7.8,19.6,40.0,43.1,49.0,88.0,7.8,39.2,47.1,13.7,13.7,2.0,13.7,7.8,11.8,25.5,98.0,25.5
445,"Hall, Jordan",SAS,9,1,8,47.2,40.0,78.3,51.1,13.7,29.7,46.2,14.9,19.4,76.5,6.3,34.9,41.1,22.9,19.4,9.1,2.3,4.6,18.3,15.4,108.6,13.7
445,"Lawson, A.J.",DAL,9,3,6,43.2,41.4,70.7,58.5,6.9,22.4,30.8,10.3,17.2,60.0,5.2,39.7,44.8,22.4,20.7,5.2,5.2,1.7,24.1,10.3,100.0,8.6
445,"Walker, Kemba",DAL,9,5,4,48.9,41.2,85.4,48.2,9.9,32.0,30.9,18.7,24.5,76.4,7.8,39.1,46.9,21.4,12.6,3.7,4.8,4.8,24.5,19.7,110.9,0.3
445,"Williams Jr., Vince",MEM,9,5,4,46.2,36.2,71.4,50.7,8.6,24.8,34.6,23.8,29.5,80.6,9.5,42.9,52.4,21.0,22.9,12.4,8.6,5.7,17.1,16.2,104.8,25.7
450,"Campazzo, Facundo",DAL,8,2,6,48.3,33.3,75.0,44.4,8.3,23.1,36.0,14.8,23.1,64.0,7.4,36.1,43.5,13.9,18.5,0.9,8.3,4.6,26.9,19.4,89.8,-10.2
450,"Mobley, Isaiah",CLE,8,5,3,50.1,26.9,90.4,29.8,7.7,46.2,16.7,5.8,11.5,50.0,15.4,26.9,42.3,17.3,13.5,1.9,1.9,3.8,17.3,9.6,67.3,-48.1
450,"Porter Jr., Otto",TOR,8,4,4,48.1,42.1,85.2,49.4,14.1,38.2,37.1,18.1,21.4,84.6,13.5,31.6,45.1,28.6,19.1,7.9,5.3,4.9,21.1,19.4,116.4,6.9
450,"Rubio, Ricky",CLE,8,5,3,48.7,42.3,85.9,49.3,10.5,28.6,36.6,15.3,22.6,67.9,10.1,35.5,45.6,22.6,14.1,6.9,2.8,3.2,23.0,19.8,110.5,6.9
454,"Lewis Jr., Kira",NOP,7,2,5,46.3,39.0,89.9,43.4,12.6,42.1,29.9,13.2,22.6,58.3,13.2,31.4,44.7,22.6,12.6,10.7,6.3,3.1,20.1,21.4,103.8,-8.8
454,"Lofton Jr., Kenneth",MEM,7,4,3,45.7,40.6,76.6,53.1,15.6,35.9,43.5,31.3,35.9,87.0,10.9,42.2,53.1,28.1,14.1,9.4,3.1,4.7,18.8,18.8,128.1,53.1
454,"Martin, Cody",CHA,7,2,5,45.9,40.5,86.6,46.8,12.4,38.1,32.4,23.0,30.2,76.1,11.3,31.6,43.0,26.8,12.0,9.3,8.2,3.8,18.9,22.0,116.5,8.9
454,"Minott, Josh",MIN,7,3,4,38.1,25.6,72.1,35.5,14.0,34.9,40.0,14.0,18.6,75.0,7.0,18.6,25.6,20.9,23.3,7.0,0.0,9.3,14.0,14.0,79.1,-48.8
454,"Queen, Trevelin",IND,7,2,5,46.1,33.6,72.4,46.4,13.2,33.6,39.2,17.8,24.3,73.0,7.2,32.2,39.5,23.7,21.7,7.2,5.3,6.6,17.8,19.7,98.0,-9.2
454,"Springer, Jaden",PHI,7,7,0,46.8,32.1,80.4,40.0,17.9,46.4,38.5,35.7,42.9,83.3,7.1,32.1,39.3,19.6,5.4,1.8,3.6,8.9,14.3,30.4,117.9,23.2
454,"Wesley, Blake",SAS,7,2,5,45.4,47.5,88.6,53.6,12.0,27.2,44.2,19.6,23.4,83.8,8.9,31.0,39.9,24.1,9.5,11.4,7.0,3.8,19.6,19.6,126.6,26.6
461,"Brown, Kendall",IND,6,1,5,41.5,30.9,72.2,42.9,9.3,35.1,26.5,32.0,38.1,83.8,6.2,24.7,30.9,20.6,21.6,7.2,3.1,3.1,21.6,29.9,103.1,-4.1
461,"Butler Jr., John",POR,6,1,5,44.9,26.8,70.7,37.9,2.4,19.5,12.5,14.6,22.0,66.7,17.1,31.7,48.8,12.2,29.3,2.4,4.9,4.9,17.1,22.0,70.7,-14.6
461,"Dotson, Devon",WAS,6,1,5,48.3,34.5,77.3,44.7,10.0,27.3,36.7,25.5,25.5,100,9.1,30.9,40.0,14.5,20.0,6.4,8.2,3.6,22.7,21.8,104.5,2.7
461,"Pippen Jr., Scotty",LAL,6,1,5,47.8,36.4,89.4,40.7,9.1,30.3,30.0,9.1,10.6,85.7,10.6,42.4,53.0,16.7,13.6,10.6,7.6,12.1,21.2,15.2,90.9,1.5
461,"Watson, Peyton",DEN,6,3,3,45.8,33.3,54.5,61.1,9.1,21.2,42.9,27.3,42.4,64.3,0.0,45.5,45.5,15.2,18.2,3.0,6.1,3.0,12.1,24.2,103.0,57.6
466,"Davison, JD",BOS,5,4,1,46.5,36.0,76.0,47.4,24.0,48.0,50.0,4.0,12.0,33.3,8.0,32.0,40.0,28.0,16.0,8.0,4.0,0.0,4.0,8.0,100.0,28.0
466,"Ellis, Keon",SAC,5,3,2,53.5,19.0,76.2,25.0,14.3,28.6,50.0,9.5,9.5,100,4.8,33.3,38.1,19.0,14.3,4.8,4.8,9.5,14.3,14.3,61.9,-52.4
466,"Haslem, Udonis",MIA,5,3,2,47.2,46.2,80.8,57.1,12.8,29.5,43.5,23.1,33.3,69.2,12.8,38.5,51.3,17.9,20.5,6.4,5.1,7.7,24.4,25.6,128.2,24.4
466,"Smith, Dru",MIA,5,4,1,48.9,39.4,86.9,45.4,17.5,41.6,42.1,17.5,21.2,82.8,8.8,37.2,46.0,27.7,14.6,7.3,5.8,5.8,13.9,17.5,113.9,12.4
466,"Swider, Cole",LAL,5,1,4,44.1,42.9,83.3,51.4,16.7,39.3,42.4,13.1,13.1,100,3.6,34.5,38.1,27.4,13.1,7.1,6.0,3.6,20.2,11.9,115.5,1.2
471,"Barlow, Dominick",SAS,4,0,4,46.5,40.0,81.8,48.9,16.4,38.2,42.9,21.8,30.9,70.6,5.5,38.2,43.6,20.0,12.7,5.5,3.6,5.5,21.8,20.0,118.2,14.5
471,"Brown, Sterling",LAL,4,2,2,41.3,35.6,88.1,40.4,13.6,42.4,32.0,28.8,33.9,85.0,11.9,37.3,49.2,22.0,13.6,5.1,6.8,5.1,16.9,20.3,113.6,6.8
471,"Dozier, PJ",SAC,4,4,0,46.7,31.8,86.4,36.8,22.7,59.1,38.5,9.1,9.1,100,13.6,18.2,31.8,31.8,22.7,9.1,4.5,4.5,13.6,4.5,95.5,-27.3
471,"Hill, Malcolm",CHI,4,4,0,32.4,28.6,85.7,33.3,28.6,71.4,40.0,28.6,28.6,100,0.0,0.0,0.0,28.6,0.0,14.3,0.0,14.3,0.0,14.3,114.3,57.1
471,"Isaac, Jonathan",ORL,4,3,1,46.2,38.0,82.3,46.2,12.7,32.9,38.5,10.1,12.7,80.0,8.9,36.7,45.6,24.1,22.8,6.3,6.3,2.5,24.1,11.4,98.7,-11.4
471,"Johnson, Alize",SAS,4,1,3,46.9,34.9,92.1,37.9,14.3,33.3,42.9,7.9,12.7,62.5,14.3,23.8,38.1,20.6,17.5,4.8,3.2,1.6,20.6,17.5,92.1,-19.0
471,"Primo, Joshua",SAS,4,3,1,45.5,39.5,85.4,46.3,10.7,31.2,34.4,23.9,27.8,86.0,12.7,31.7,44.4,23.4,14.1,6.8,6.3,4.9,16.6,20.0,113.7,1.0
471,"Queta, Neemias",SAC,4,1,3,40.8,40.0,80.0,50.0,11.7,26.7,43.8,35.0,40.0,87.5,6.7,35.0,41.7,21.7,11.7,8.3,5.0,3.3,15.0,30.0,126.7,51.7
471,"Seabron, Dereon",NOP,4,2,2,48.4,31.3,112.5,27.8,12.5,68.8,18.2,0.0,12.5,0.0,25.0,25.0,50.0,31.3,0.0,6.3,0.0,0.0,12.5,6.3,75.0,-50.0
471,"Todd, Isaiah",WAS,4,2,2,46.6,29.6,51.9,57.1,11.1,25.9,42.9,25.9,29.6,87.5,3.7,48.1,51.9,22.2,22.2,3.7,3.7,0.0,18.5,18.5,96.3,11.1
481,"Champagnie, Justin",TOR,3,2,1,52.0,47.6,81.0,58.8,14.3,33.3,42.9,19.0,19.0,100,0.0,38.1,38.1,33.3,9.5,4.8,0.0,4.8,14.3,9.5,128.6,9.5
481,"Dorsey, Tyler",DAL,3,2,1,48.5,23.5,76.5,30.8,5.9,29.4,20.0,23.5,23.5,100,17.6,29.4,47.1,17.6,11.8,5.9,17.6,5.9,5.9,17.6,76.5,-11.8
481,"Hachimura, Rui",LAL,3,1,2,46.8,36.5,92.3,39.6,10.3,32.7,31.4,16.7,21.2,78.8,10.3,35.9,46.2,19.9,9.6,7.7,7.1,7.1,17.3,16.0,100.0,-7.7
481,"Harper Jr., Ron",TOR,3,2,1,51.9,38.9,94.4,41.2,22.2,38.9,57.1,11.1,11.1,100,11.1,27.8,38.9,16.7,5.6,0.0,5.6,5.6,5.6,5.6,111.1,-33.3
481,"Iguodala, Andre",GSW,3,1,2,44.2,34.4,81.3,42.3,5.2,21.9,23.8,14.6,19.8,73.7,10.4,30.2,40.6,19.8,19.8,8.3,3.1,4.2,15.6,20.8,88.5,-18.8
481,"Key, Braxton",DET,3,0,3,45.5,45.0,110.0,40.9,15.0,65.0,23.1,10.0,30.0,33.3,20.0,35.0,55.0,25.0,5.0,5.0,0.0,5.0,35.0,35.0,115.0,15.0
481,"Nunn, Kendrick",WAS,3,3,0,50.0,40.0,100.8,39.7,9.2,38.3,23.9,20.8,27.5,75.8,16.7,31.7,48.3,26.7,10.0,8.3,7.5,8.3,20.0,19.2,110.0,-15.0
481,"Potter, Micah",UTA,3,2,1,41.2,22.9,62.9,36.4,0.0,17.1,0.0,37.1,62.9,59.1,14.3,31.4,45.7,11.4,17.1,14.3,0.0,8.6,17.1,34.3,82.9,-5.7
489,"Champagnie, Julian",PHI,2,2,0,60.6,54.5,81.8,66.7,27.3,45.5,60.0,27.3,27.3,100,9.1,18.2,27.3,45.5,18.2,0.0,0.0,0.0,18.2,18.2,163.6,36.4
489,"Kabengele, Mfiondu",BOS,2,1,1,56.0,44.0,92.0,47.8,8.0,24.0,33.3,4.0,8.0,50.0,20.0,20.0,40.0,20.0,20.0,8.0,0.0,8.0,4.0,36.0,100.0,8.0
489,"Lee, Saben",PHI,2,1,1,48.2,33.3,61.9,53.8,19.0,38.1,50.0,9.5,9.5,100,0.0,14.3,14.3,19.0,23.8,9.5,0.0,0.0,19.0,4.8,95.2,-23.8
489,"Moneke, Chima",SAC,2,1,1,44.1,38.9,66.7,58.3,16.7,44.4,37.5,27.8,38.9,71.4,5.6,27.8,33.3,27.8,16.7,16.7,0.0,0.0,11.1,22.2,122.2,50.0
489,"Schakel, Jordan",WAS,2,0,2,51.9,33.3,41.7,80.0,8.3,16.7,50.0,8.3,16.7,50.0,0.0,41.7,41.7,33.3,33.3,0.0,0.0,0.0,16.7,16.7,83.3,-50.0
489,"Simonovic, Marko",CHI,2,1,1,40.5,71.4,85.7,83.3,57.1,57.1,100,0.0,0.0,0.0,0.0,42.9,42.9,71.4,14.3,0.0,0.0,0.0,0.0,0.0,200.0,142.9
489,"Wieskamp, Joe",TOR,2,1,1,44.9,39.5,92.1,42.9,15.8,44.7,35.3,10.5,15.8,66.7,10.5,28.9,39.5,36.8,10.5,15.8,10.5,5.3,23.7,13.2,105.3,-7.9
496,"Boeheim, Buddy",DET,1,0,1,31.9,0.0,33.3,0.0,0.0,33.3,0.0,0.0,66.7,0.0,0.0,66.7,66.7,0.0,0.0,0.0,0.0,0.0,33.3,33.3,0.0,-66.7
496,"Foster Jr., Michael",PHI,1,1,0,51.7,50.0,50.0,100,0.0,0.0,0.0,0.0,0.0,0.0,0.0,50.0,50.0,50.0,0.0,0.0,0.0,0.0,0.0,0.0,100.0,100.0
496,"Hudgins, Trevor",HOU,1,0,1,63.1,66.7,66.7,100,0.0,0.0,0.0,0.0,0.0,0.0,0.0,50.0,50.0,50.0,16.7,0.0,0.0,0.0,33.3,0.0,133.3,33.3
496,"Jones, Carlik",CHI,1,1,0,36.7,66.7,100.0,66.7,66.7,66.7,100,0.0,0.0,0.0,0.0,0.0,0.0,66.7,0.0,0.0,0.0,0.0,0.0,0.0,200.0,66.7
496,"Keels, Trevor",NYK,1,1,0,31.9,0.0,33.3,0.0,0.0,33.3,0.0,66.7,66.7,100,0.0,66.7,66.7,0.0,0.0,0.0,0.0,0.0,33.3,33.3,66.7,66.7
496,"Lawson, A.J.",MIN,1,1,0,35.3,40.0,100.0,40.0,0.0,40.0,0.0,60.0,60.0,100,20.0,40.0,60.0,20.0,0.0,20.0,0.0,0.0,0.0,20.0,140.0,100.0
496,"Rhoden, Jared",DET,1,0,1,46.2,50.0,76.9,65.0,7.7,15.4,50.0,46.2,50.0,92.3,11.5,19.2,30.8,26.9,11.5,3.8,11.5,0.0,38.5,26.9,153.8,-3.8
496,"Williams, Alondes",BKN,1,1,0,43.9,50.0,83.3,60.0,8.3,25.0,33.3,16.7,16.7,100,8.3,25.0,33.3,33.3,8.3,16.7,0.0,0.0,25.0,25.0,125.0,41.7
